pdbid,MHC,Peptide,BoundToTcr,Date,Pub,Angstrom
8I5E,HLA-A*11,VVGAGGVGK,bound,2023-08-23,,2.2
8DVG,HLA-A*03,VVVGAGGVGK,bound,2023-07-19,37604828.0,2.594
8SHI,HLA-C*06:02,VRSRRXLRL,bound,2023-06-28,37330172.0,2.90001719663
8ELG,HLA-B*15,NQKLIANAF,bound,2023-06-14,37468623.0,1.65
8ELH,HLA-B*15,NQKLIANQF,bound,2023-06-14,37468623.0,1.85
8ES8,HLA-A*02,GVYDGREHTV,bound,2023-05-03,,2.65
7WZZ,HLA-B*58,KAGQVVTIW,bound,2023-05-03,37296297.0,1.305
7X00,HLA-B*58,VSFIEFVGW,bound,2023-05-03,37296297.0,1.45
7X1B,HLA-B*58,KAGQVVTI,bound,2023-05-03,37296297.0,1.399
7X1C,HLA-B*58,VSFIEFVI,bound,2023-05-03,37296297.0,1.409
8GOM,HLA-A2,RLQSLQTYV,bound,2023-03-01,36806685.0,2.783
8GON,HLA-A2,RLQSLQIYV,bound,2023-03-01,36806685.0,2.601
7Q99,HLA-A*02,NLSALGIFST,bound,2023-02-22,37490916.0,2.55
7Q9A,HLA-A*02,LLLGIGILVL,bound,2023-02-22,37490916.0,2.1
7XF3,HLA-B*15,ALIGASICF,bound,2023-02-08,36897229.0,1.91
7N2N,HLA-B*27,TRLALIAPK,bound,2022-12-07,36477533.0,2.6
7N2O,HLA-B*27,LRVMMLAPF,bound,2022-12-07,36477533.0,2.3
7N2P,HLA-B*27,GQVMVVAPR,bound,2022-12-07,36477533.0,2.5
7N2Q,HLA-B*27,LRVMMLAPF,bound,2022-12-07,36477533.0,2.7
7N2R,HLA-B*27,TRLALIAPK,bound,2022-12-07,36477533.0,2.28
7N2S,HLA-B*27,TRLALIAPK,bound,2022-12-07,36477533.0,2.37
7T0L,HLA-B*27,FRYNGLIHR,bound,2022-12-07,,3.0
8CX4,HLA-B*27,LRVMMLAPF,bound,2022-12-07,36477533.0,2.2
8EB2,HLA-A*02,SLLMWITQV,bound,2022-11-30,36381658.0,2.9
7SIF,HLA-B*35,NPDIVIYQY,bound,2022-11-23,,1.73
7SIH,HLA-B*35,NPDIVIYQY,bound,2022-11-23,,1.9
7TR4,HLA-A*02,ELAGIGILTV,bound,2022-11-23,,2.3
7RK7,HLA-A2,YMDGTMSQV,bound,2022-11-02,,2.54
7NME,HLA-A24,QLPRLFPLL,bound,2022-09-07,,2.2
7NMF,HLA-A24,QLPRLFPLL,bound,2022-09-07,,2.98
7NMG,HLA-A24,LWMRLLPLL,bound,2022-09-07,,2.48
7PBC,HLA-A*02:01,GLYDGMEHL,bound,2022-08-03,35851311.0,2.04
7PDW,HLA-A*02:01,GLYDGMEHL,bound,2022-08-03,35851311.0,1.82
7QPJ,HLA-A*02:01,GLYDGMEHL,bound,2022-08-03,35851311.0,1.54
7RE7,HLA-A*02,FMNKFIYEI,bound,2022-07-27,35840635.0,2.55
7OW5,HLA-A*11:01,VVVGAGGVGK,bound,2022-07-20,36088370.0,2.58
7OW6,HLA-A*11:01,VVVGADGVGK,bound,2022-07-20,36088370.0,2.64
7R7Y,HLA-B*57,QATQEVKNW,bound,2022-06-29,37217466.0,1.6
7R80,HLA-B*5301,QASQEVKNW,bound,2022-06-29,37217466.0,2.9
7WT4,HLA-A*24,RYGFVANF,bound,2022-06-22,35667438.0,1.89
7WT5,HLA-A*24,RAGFVANF,bound,2022-06-22,35667438.0,2.1
7WJ2,HLA-C*14,LYNTVATL,bound,2022-06-22,35667438.0,1.28
7SU9,HLA-C*05:01,GADGVGKSL,bound,2022-06-08,35587797.0,1.99
7PBE,HLA-A*02:01,YLQPRTFLL,bound,2022-04-27,35931021.0,3.0
7BH8,HLA-E,VMAPRTVLL,bound,2022-04-13,35347236.0,1.8
7RRG,HLA-A*03:01,ALHGGWTTK,bound,2022-03-23,35484264.0,2.12
7WKJ,HLA-A*11,KTFPPTEPK,bound,2022-03-02,35186375.0,1.5
7DZM,HLA-B*81:01,TPQDLNTML,bound,2022-01-26,,2.25
7DZN,HLA-B*42:01,TPQDLNTML,bound,2022-01-26,,2.63
7EJL,HLA-A*24,QYIKWPWYI,bound,2022-01-26,34857854.0,1.89
7EJM,HLA-A*24,TYIKWPWWV,bound,2022-01-26,34857854.0,1.71
7EJN,HLA-A*24,MYVKWPWYV,bound,2022-01-26,34857854.0,2.11
6ZKW,HLA-E,RLPAKAPLL,bound,2022-01-26,35108401.0,2.26
6ZKX,HLA-E,RLPAKAPLLGCG,bound,2022-01-26,35108401.0,2.17
6ZKY,HLA-E,RLPAKAPLX,bound,2022-01-26,35108401.0,2.65
6ZKZ,HLA-E,RLPAKAPLX,bound,2022-01-26,35108401.0,2.3
7NDQ,HLA-E,RMYSPVSIL,bound,2022-01-26,35108401.0,2.55
7NDT,HLA-E,VMAPRTLIX,bound,2022-01-26,35108401.0,3.0
7NDU,HLA-E,RMYSPVSIX,bound,2022-01-26,35108401.0,2.9
7BBG,HLA-A*02,RMFPNAPYL,bound,2021-10-27,34280257.0,2.64
7RTR,HLA-A*02:01,YLQPRTFLL,bound,2021-10-13,34685626.0,2.6
7N1E,HLA-A2,RLQSLQTYV,bound,2021-07-28,35013235.0,2.3
7N1F,HLA-A2,YLQPRTFLL,bound,2021-07-28,35013235.0,2.39
6UJ7,HLA-B*07,SPNGTIQNIL,bound,2021-05-05,34489470.0,1.9
6UJ8,HLA-B*07,SPNGTIRNIL,bound,2021-05-05,34489470.0,2.25
6UJ9,HLA-B*07,SPNGTIQNIL,bound,2021-05-05,34489470.0,2.9
6VM7,HLA-A2,ITDQVPFSV,bound,2021-01-20,,2.41
6VM9,HLA-A2,IMDQVPFSV,bound,2021-01-20,,2.9
6VMA,HLA-A2,ITDQVPFSV,bound,2021-01-20,,2.75
6VMC,HLA-A2,ILDQVPFSV,bound,2021-01-20,,2.85
7KGO,HLA-A*02,ILLNKHIDA,bound,2021-01-20,33521593.0,2.15
7KGP,HLA-A*02,GMSRIGMEV,bound,2021-01-20,33521593.0,1.4
7KGQ,HLA-A*02,LLLDRLNQL,bound,2021-01-20,33521593.0,1.34
7KGR,HLA-A*02,LQLPQGTTL,bound,2021-01-20,33521593.0,1.55
7KGS,HLA-A*02,ALNTPKDHI,bound,2021-01-20,33521593.0,1.58
7KGT,HLA-A*02,RLNQLESKM,bound,2021-01-20,33521593.0,1.9
6PAG,HLA-C*07,RYRPGTVAL,bound,2020-12-16,33846289.0,2.5
7K80,HLA-A*24,RYPLTFGW,bound,2020-12-09,33441440.0,2.4
7K81,HLA-A*24,RYPLTFGW,bound,2020-12-09,33441440.0,2.0
6VB1,HLA-B*15,ELRAREEAY,bound,2020-11-25,,1.75
6VB2,HLA-B*15,ELRARQECY,bound,2020-11-25,,1.41
6VB4,HLA-B*15,TVAASGHSY,bound,2020-11-25,,2.33
6VB5,HLA-B*15,TVRASGHSY,bound,2020-11-25,,2.15
6VB6,HLA-B*15,TVRASGHSY,bound,2020-11-25,,2.15
6VM8,HLA-A2,IMDQVPFSV,bound,2020-11-25,33468649.0,2.41
6TMO,HLA-A*02:01,EAAGIGILTV,bound,2020-10-07,32913893.0,2.1
6UK4,HLA-A*02:06,KQWLVWLFL,bound,2020-08-19,32807968.0,2.7
6TRO,HLA-A*02:01,GVYDGREHTV,bound,2020-06-24,32532817.0,3.0
6VQO,HLA-A*02:01,HMTEVVRHC,bound,2020-06-17,32518267.0,3.0
6VRM,HLA-A*02:01,HMTEVVRHC,bound,2020-06-17,32518267.0,2.61
6VRN,HLA-A*02:01,HMTEVVRHC,bound,2020-06-17,32518267.0,2.46
6ULN,HLA-C*08:02,GADGVGKSA,bound,2020-05-27,32461371.0,2.01
6V3J,HLA-B*57,LSSPVTKSF,bound,2020-05-19,32404419.0,1.98
6RSY,HLA-A*02:01,RMFPNAPYL,bound,2020-04-15,32310221.0,2.95
6JTN,HLA-C*08,GADGVGKSAL,bound,2020-04-14,,1.9
6JTO,HLA-C*05,GADGVGKSAL,bound,2020-04-14,,1.7
6JTP,HLA-C*08,GADGVGKSA,bound,2020-04-14,,1.9
6R2L,HLA-A*02:01,SLSKILDTV,bound,2020-02-26,,2.3
6JOZ,HLA-A*11,ATIGTAMYK,bound,2020-01-28,31723204.0,1.35
6RPA,HLA-A*02:01,SLLMWITQV,bound,2020-01-15,32102902.0,2.56
6RPB,HLA-A*02:01,SLLMWITQV,bound,2020-01-15,32102902.0,2.5
6O4Y,HLA-A*02,KLVVGAVGV,bound,2020-01-14,31803176.0,1.58
6O4Z,HLA-A*02,KLVVVAVGV,bound,2020-01-14,31803176.0,1.5
6O51,HLA-A*02,YLVVVGAVGV,bound,2020-01-14,31803176.0,1.55
6O53,HLA-A*02,KLVVVGAVGV,bound,2020-01-14,31803176.0,1.4
6PBH,HLA-A*68,DATYQRTRALVR,bound,2019-12-10,31811120.0,1.89
6PYJ,HLA-B*27,LRNQSVFNF,bound,2019-12-03,31740583.0,1.44
6PYV,HLA-B*27,LRNQSVFNF,bound,2019-11-26,31740583.0,1.45
6PZ5,HLA-B*27,LRNQSVFNF,bound,2019-11-26,31740583.0,1.53
6O9B,HLA-A*03,TTAPSLSGK,bound,2019-11-12,31690625.0,2.2
6O9C,HLA-A*03,TTAPFLSGK,bound,2019-11-12,31690625.0,2.45
6P23,HLA-B*08,RARAAAKKKYCL,bound,2019-10-15,31601650.0,1.59
6P27,HLA-B*08,RARAAAKKKYCL,bound,2019-10-15,31601650.0,1.59
6J1V,HLA-A*30,AIFQSSMTK,bound,2019-09-24,31396224.0,2.0
6J1W,HLA-A*30,AIFQSSMTK,bound,2019-09-24,31396224.0,1.5
6J29,HLA-A*30,QIMYNYPAM,bound,2019-09-24,31396224.0,1.6
6J2A,HLA-A*30,CTELKLSDY,bound,2019-09-24,31396224.0,1.4
6Q3S,HLA-A2,SLLMWITQV,bound,2019-07-24,31324691.0,2.5
6DKP,HLA-A*02:01,ELAGIGILTV,bound,2019-04-10,30617019.0,2.97
6D78,HLA-A*02:01,AAGIGILTV,bound,2019-04-03,30617019.0,2.35
6MTM,HLA-B*37:01,FEDLRVLSF,bound,2019-02-13,30575715.0,3.0
6MTL,HLA-B*44,FEDLRVLSF,bound,2019-02-12,30575715.0,1.35
6ID4,HLA-A*11,AIFQSSMTK,bound,2019-02-05,30792391.0,2.4
5YXN,HLA-A*02:01,KLVALGINAV,bound,2018-12-12,,2.03
5YXU,HLA-A*02:01,KLVALGINAV,bound,2018-12-12,,2.7
6EWA,HLA-A*02,ILKEPVHGV,bound,2018-11-06,30365927.0,2.39
6EWO,HLA-A*02,RTFSPTYGL,bound,2018-11-06,30365927.0,2.3
6EQB,HLA-A*02:01,AAGIGILTV,bound,2018-10-10,31091334.0,2.81
5VUD,HLA-B*57,LSSPVTKSW,bound,2018-10-02,30410026.0,2.0
5VUE,HLA-B*57,LTVQVARVW,bound,2018-10-02,30410026.0,1.8
5VUF,HLA-B*57,LTVQVARVY,bound,2018-10-02,30410026.0,1.9
5VVP,HLA-B*57,LSSPVTKSW,bound,2018-10-02,30410026.0,2.0
5VWD,HLA-B*57,LTVQVARVW,bound,2018-10-02,30410026.0,1.8
5VWF,HLA-B*57,LTVQVARVY,bound,2018-10-02,30410026.0,1.8
5VWJ,HLA-B*58,LTVQVARVW,bound,2018-10-02,30410026.0,2.0
6AMU,HLA-A*02:01,MMWDRGLGMM,bound,2018-08-15,,2.15
6AM5,HLA-A*02:01,SMLGIGIVPV,bound,2018-08-08,,2.39
6BJ3,HLA-B*35:01,IPLTEEAEL,bound,2018-07-25,30053426.0,1.9
6BJ8,HLA-B*35:01,VPLTEDAEL,bound,2018-07-25,30053426.0,1.75
5WMO,HLA-B*07,RPPIFIRRL,bound,2018-06-05,29735483.0,1.62
5WMP,HLA-B*07,TPRVTGGGAM,bound,2018-06-05,29735483.0,1.6
6BXP,HLA-B*57,RVKEKYQHLW,bound,2018-03-13,29437277.0,1.45
6AVF,HLA-B*07:02,APRGPHGGAASGL,bound,2018-02-28,29531227.0,2.03
6AVG,HLA-B*07:02,APRGPHGGAASGL,bound,2018-02-28,29531227.0,2.6
6AT5,HLA-B*07,APRGPHGGAASGL,bound,2018-02-27,29531227.0,1.5
5WWJ,HLA-A*24,LYKKLKREMTF,bound,2018-01-16,,2.29
5WWU,HLA-A*24,LYKKLKREITF,bound,2018-01-16,30087171.0,2.79
5WXC,HLA-A*24,LYKKLKREMTF,bound,2018-01-16,30087171.0,2.29
5NME,HLA-A*02:01,SLYNTVATL,bound,2017-11-15,29209312.0,2.94
5NMF,HLA-A*02:01,SLYNTIATL,bound,2017-11-15,29209312.0,2.89
5NMG,HLA-A*02:01,SLFNTIAVL,bound,2017-11-15,29209312.0,2.75
5NMH,HLA-A*02,SLYNTIATL,bound,2017-11-14,29209312.0,1.55
5TEZ,HLA-A*02:01,GILGFVFTL,bound,2017-09-27,28931605.0,1.7
5WKF,HLA-A*11:01,GTSGSPIVNR,bound,2017-09-20,28945243.0,2.95
5GRD,HLA-A*11,SSCSSCPLSK,bound,2017-08-08,28698575.0,1.8
5U98,HLA-B*57,VTTDIQVKV,bound,2017-07-18,28686208.0,2.0
5XOT,HLA-B*35:01,IPLTEEAEL,bound,2017-06-14,28615212.0,2.79
5XOV,HLA-A*24:02,RYPLTFGWCF,bound,2017-06-14,28615212.0,2.68
5V5M,HLA-B*57,TSTLQEQIGW,bound,2017-06-13,28552904.0,2.88
5XOS,HLA-B*35,IPLTEEAEL,bound,2017-06-13,28615212.0,1.7
5IUE,HLA-F,LILRWEQD,bound,2017-06-13,28636952.0,2.62
5JZI,HLA-A*02:01,KLVALGINAV,bound,2017-05-31,28572406.0,2.5
5ISZ,HLA-A*02:01,GILGFVFTL,bound,2017-03-01,28250417.0,2.06
5JHD,HLA-A*02:01,GILGFVFTL,bound,2017-03-01,28250417.0,2.46
5T6W,HLA-B*57,SSTRGISQLW,bound,2017-02-28,28218747.0,1.9
5T6X,HLA-B*57,TSTTSVASSW,bound,2017-02-28,28218747.0,1.69
5T6Y,HLA-B*57,TSTFEDVKILAF,bound,2017-02-28,28218747.0,1.76
5T6Z,HLA-B*57,TSTLQEQIGW,bound,2017-02-28,28218747.0,2.0
5T70,HLA-B*57,TSNLQEQIGW,bound,2017-02-28,28218747.0,2.1
5F7D,HLA-A*02,GLKEGIPALD,bound,2016-12-20,28179428.0,2.3
5F9J,HLA-A*02,YLSPIASPL,bound,2016-12-20,28179428.0,2.51
5FA3,HLA-A*02,GLLPELPAV,bound,2016-12-20,28179428.0,1.86
5MEN,HLA-A*02:01,ILAKFLHWL,bound,2016-12-07,27903649.0,2.81
5EUO,HLA-A*02:01,GILGFVFTL,bound,2016-11-23,,2.1
5ENW,HLA-A*02,GLKEGIPAL,bound,2016-11-08,28179428.0,1.85
5IM7,HLA-B*58,QASQEVKNW,bound,2016-10-04,27638468.0,2.5
5INC,HLA-B*58,QATQEVKNW,bound,2016-10-04,27638468.0,2.88
5IND,HLA-B*58,QASQDVKNW,bound,2016-10-04,27638468.0,2.13
5SWQ,HLA-A*02,CVNGSCFTV,bound,2016-10-04,27645996.0,2.0
5IRO,HLA-A*02,LLFGYPVYV,bound,2016-08-23,27385781.0,2.64
5DDH,HLA-A*02,FVLELEPEWTVK,bound,2016-07-26,26824387.0,1.5
5E9D,HLA-A*02:01,ELAGIGILTV,bound,2016-06-08,27238970.0,2.51
5C07,HLA-A*02:01,YQFGPDFPIA,bound,2016-05-04,27183389.0,2.11
5C08,HLA-A*02:01,RQWGPDPAAV,bound,2016-05-04,27183389.0,2.33
5C09,HLA-A*02:01,YLGGPDFPTI,bound,2016-05-04,27183389.0,2.48
5C0A,HLA-A*02:01,MVWGPDPLYV,bound,2016-05-04,27183389.0,2.46
5C0B,HLA-A*02:01,RQFGPDFPTI,bound,2016-05-04,27183389.0,2.03
5C0C,HLA-A*02:01,RQFGPDWIVA,bound,2016-05-04,27183389.0,1.97
5B38,HLA-B*57,LSSPVTKSF,bound,2016-03-29,27045007.0,2.3
5B39,HLA-B*57,LSSPVTKSF,bound,2016-03-29,27045007.0,2.5
5HHM,HLA-A*02:01,GILGLVFTL,bound,2016-03-23,27036003.0,2.5
5HHO,HLA-A*02:01,GILEFVFTL,bound,2016-03-23,27036003.0,2.95
5BRZ,HLA-A*01:01,EVDPIGHLY,bound,2016-03-02,26758806.0,2.62
5BS0,HLA-A*01:01,ESDPIVAQY,bound,2016-03-02,26758806.0,2.4
5EU6,HLA-A*02:01,YLEPGPVTV,bound,2016-03-02,26917722.0,2.02
5D2N,HLA-A*02:01,NLVPMVATV,bound,2015-10-07,26429912.0,2.1
4WU7,HLA-A*24,RFPLTFGW,bound,2015-05-05,,2.3
4QRU,HLA-B*08,ELRRKMMYM,bound,2015-02-03,24509977.0,1.6
3X11,HLA-B*57,LSSPVTKSF,bound,2014-12-23,25480565.0,2.15
3X12,HLA-B*57,LSSPVTKSF,bound,2014-12-23,25480565.0,1.8
3X13,HLA-B*08,FLRGRAYGL,bound,2014-12-23,25480565.0,1.8
3X14,HLA-B*08,FLRGRAYGL,bound,2014-12-23,25480565.0,2.0
4NO3,HLA-A*02,RQISQDVKL,bound,2014-12-23,28903331.0,1.7
4NO5,HLA-A*02,RQISQDVKL,bound,2014-12-23,28903331.0,2.1
4QOK,HLA-A*02:01,EAAGIGILTV,bound,2014-12-17,25471691.0,3.0
4QRR,HLA-B*35:01,IPSINVHHY,bound,2014-12-10,25452463.0,3.0
4QRS,HLA-B*08,ELKRKMIYM,bound,2014-12-09,24509977.0,1.4
4NNX,HLA-A*02,RQASLSISV,bound,2014-11-18,28903331.0,2.1
4NNY,HLA-A*02,RQASLSISV,bound,2014-11-18,28903331.0,1.9
4NO0,HLA-A*02,RQASIELPSMAV,bound,2014-11-18,28903331.0,2.7
4NO2,HLA-A*02,RQASIELPSMAV,bound,2014-11-18,28903331.0,2.0
4QRP,HLA-B*08:01,HSKKKCDEL,bound,2014-11-12,25355921.0,2.9
4LNR,HLA-B*35,RPQVPLRPMTY,bound,2014-07-22,25028510.0,2.0
4NT6,HLA-C*08,GILGFVFTL,bound,2014-07-22,24990997.0,1.84
4O2C,HLA-B*39,XSHVAVENAL,bound,2014-07-22,24829406.0,1.8
4O2E,HLA-B*39,SHVAVENAL,bound,2014-07-22,24829406.0,1.98
4O2F,HLA-B*39,HVAVENAL,bound,2014-07-22,24829406.0,1.9
4L3E,HLA-A*02:01,ELAGIGILTV,bound,2014-06-11,24550723.0,2.56
4MJI,HLA-B*51:01,TAFTIPSI,bound,2014-05-28,24600035.0,2.99
3WUW,HLA-B*57,LSSPVTKSF,bound,2014-05-27,24563253.0,2.0
4PRH,HLA-B*35:08,HPVGDADYFEY,bound,2014-04-30,24759101.0,2.5
4PRI,HLA-B*35:08,HPVGEADYFEY,bound,2014-04-16,24759101.0,2.4
4PRP,HLA-B*35:01,HPVGQADYFEY,bound,2014-04-16,24759101.0,2.5
4PR5,HLA-B*35,HPVGDADYFEY,bound,2014-04-15,24759101.0,1.8
4PRA,HLA-B*35,HPVGQADYFEY,bound,2014-04-15,24759101.0,1.85
4PRB,HLA-B*35,HPVAEADYFEY,bound,2014-04-15,24759101.0,1.75
4PRD,HLA-B*35,HPVGDADYFEY,bound,2014-04-15,24759101.0,1.75
4PRE,HLA-B*35,HPVGQADYFEY,bound,2014-04-15,24759101.0,1.65
4PRN,HLA-B*35,HPVAEADYFEY,bound,2014-04-15,24759101.0,1.65
4N8V,HLA-A*11,MLIYSMWGK,bound,2014-02-04,24550293.0,2.5
4L3C,HLA-A*02,YLLMWITQV,bound,2013-12-24,24338476.0,2.64
4MNQ,HLA-A*02:01,ILAKFLHWL,bound,2013-11-13,24196962.0,2.74
3W0W,HLA-A24,RFPLTFGWCF,bound,2013-11-06,24192765.0,2.6
3VXM,HLA-A*24:02,RFPLTFGWCF,bound,2013-10-23,24192765.0,2.5
3VXR,HLA-A*24:02,RYPLTFGWCF,bound,2013-10-23,24192765.0,2.4
3VXS,HLA-A*24:02,RYPLTLGWCF,bound,2013-10-23,24192765.0,1.8
3VXU,HLA-A*24:02,RFPLTFGWCF,bound,2013-10-23,24192765.0,2.7
4HWZ,HLA-A*68,AIFQSSMTK,bound,2013-10-15,23566939.0,2.4
4HX1,HLA-A*68,SVYDFFVWL,bound,2013-10-01,23566939.0,1.8
4I48,HLA-A*68,TLTSCNTSV,bound,2013-10-01,23566939.0,2.8
4FTV,HLA-A*02:01,LLFGYPVYV,bound,2013-07-03,,2.74
4JQV,HLA-B*18,SELEIKRY,bound,2013-06-25,23749632.0,1.5
4JQX,HLA-B*44,EECDSELEIKRY,bound,2013-06-25,23749632.0,1.9
4JFD,HLA-A*02:01,ELAAIGILTV,bound,2013-05-29,23698002.0,2.46
4JFE,HLA-A*02:01,ELAGIGALTV,bound,2013-05-29,23698002.0,2.7
4JFF,HLA-A*02:01,ELAGIGILTV,bound,2013-05-29,23698002.0,2.43
4EUP,HLA-A*02:01,ALGIGILTV,bound,2013-05-01,,2.88
4JRX,HLA-B*35:05,LPEPLPQGQLTAY,bound,2013-04-10,23569211.0,2.3
4JRY,HLA-B*35:05,LPEPLPQGQLTAY,bound,2013-04-10,23569211.0,2.8
4G8G,HLA-B*27:05,KRWIILGLNK,bound,2013-03-20,23521884.0,2.4
4G9F,HLA-B*27:05,KRWIIMGLNK,bound,2013-03-20,23521884.0,1.9
4G8I,HLA-B*27,KRWIIMGLNK,bound,2013-03-19,23521884.0,1.6
4G9D,HLA-B*27,KRWIILGLNK,bound,2013-03-19,23521884.0,1.6
2YPL,HLA-B*57:01,KAFSPEVIPMF,bound,2012-11-28,23161907.0,2.4
2YPK,HLA-B*57,KAFSPEVIPMF,bound,2012-11-27,23161907.0,1.95
3VCL,HLA-B*07,RPHERNGFTVL,bound,2012-11-20,22323539.0,1.7
4E5X,HLA-A*02,LLFGYPVYV,bound,2012-10-09,23042604.0,1.95
3SPV,HLA-B*08,RAKFKQLL,bound,2012-07-03,,1.3
3UPR,HLA-B*57,HSITYLLPV,bound,2012-06-12,22645359.0,2.0
3VFN,HLA-B*35,LPEPLPQGQLTAY,bound,2012-03-06,22343629.0,1.5
3VFO,HLA-B*35,LPEPLPQGQLTAY,bound,2012-03-06,22343629.0,1.7
3VFP,HLA-B*35,LPEPLPQGQLTAY,bound,2012-03-06,22343629.0,1.85
3RL2,HLA-A*03,QVPLRPMTYK,bound,2012-02-28,21943705.0,2.39
3VFS,HLA-B*35,LPEPAPQGQLTAY,bound,2012-02-21,22343629.0,1.85
3VFW,HLA-B*35,LPEPLPQGQATAY,bound,2012-02-21,22343629.0,2.3
3UTS,HLA-A*02:01,ALWGPDPAAA,bound,2012-01-25,22245737.0,2.71
3UTT,HLA-A*02:01,ALWGPDPAAA,bound,2012-01-25,22245737.0,2.6
3REW,HLA-A*02,CLGGLLTMV,bound,2012-01-17,22160697.0,1.9
3QFJ,HLA-A*02:01,LLFGFPVYV,bound,2012-01-11,22019736.0,2.29
3VH8,HLA-B*57,LSSPVTKSF,bound,2011-10-25,22020283.0,1.8
3QDG,HLA-A*02:01,ELAGIGILTV,bound,2011-07-06,21795600.0,2.69
3QDJ,HLA-A*02:01,AAGIGILTV,bound,2011-07-06,21795600.0,2.3
3QDM,HLA-A*02:01,ELAGIGILTV,bound,2011-07-06,21795600.0,2.8
3QEQ,HLA-A*02:01,AAGIGILTV,bound,2011-07-06,21795600.0,2.59
3QZW,HLA-A*24,RYPLTFGWCF,bound,2011-06-28,21645925.0,2.8
2XPG,HLA-A*03,KLIETYFSK,bound,2011-04-26,21543847.0,2.6
3PWP,HLA-A*02:01,LGYGFVNYI,bound,2011-03-09,21282516.0,2.69
3O4L,HLA-A*02:01,GLCTLVAML,bound,2011-01-12,21124993.0,2.54
3LN5,HLA-B*41,HEEAVSVDRVL,bound,2010-10-19,20934997.0,1.9
3MV7,HLA-B*35:01,HPVGEADYFEY,bound,2010-06-09,20566715.0,2.0
3MV8,HLA-B*35:01,HPVGEADYFEY,bound,2010-06-09,20566715.0,2.1
3MV9,HLA-B*35:01,HPVGEADYFEY,bound,2010-06-09,20566715.0,2.7
3KWW,HLA-B*35,LPEPLPQGQLTAY,bound,2010-06-08,20483993.0,2.18
3L3D,HLA-B*44,EEAGRAFSF,bound,2010-03-15,20212169.0,1.8
3L3G,HLA-B*44,EEFGAAFSF,bound,2010-03-15,20212169.0,2.1
3L3I,HLA-B*44,EEFGRAASF,bound,2010-03-15,20212169.0,1.7
3L3J,HLA-B*44,EEAGAAFSF,bound,2010-03-15,20212169.0,2.4
3L3K,HLA-B*44,EEFGAAASF,bound,2010-03-15,20212169.0,2.6
3H9S,HLA-A*02:01,MLWGYLQYV,bound,2010-01-12,20064447.0,2.7
3KPR,HLA-B*44:05,EEYLKAWTF,bound,2009-12-22,20064448.0,2.6
3KPS,HLA-B*44:05,EEYLQAFTY,bound,2009-12-22,20064448.0,2.7
3KPL,HLA-B*44,EEYLQAFTY,bound,2009-12-21,20064448.0,1.96
3KPM,HLA-B*44,EEYLKAWTF,bound,2009-12-21,20064448.0,1.6
3KPN,HLA-B*44,EEYLQAFTY,bound,2009-12-21,20064448.0,2.0
3KPP,HLA-B*44,EEYLQAFTY,bound,2009-12-21,20064448.0,1.9
3KPQ,HLA-B*44,EEYLKAWTF,bound,2009-12-21,20064448.0,1.84
3GSN,HLA-A*02:01,NLVPMVATV,bound,2009-08-04,19542454.0,2.8
3HG1,HLA-A*02:01,ELAGIGILTV,bound,2009-07-28,19605354.0,3.0
3D39,HLA-A*02:01,LLFGFPVYV,bound,2009-06-16,19698083.0,2.81
3D3V,HLA-A*02:01,LLFGFPVYV,bound,2009-06-16,19698083.0,2.8
3HAE,HLA-A*02,SLLMWITQV,bound,2009-05-18,19307587.0,2.9
3GJF,HLA-A*02,SLLMWITQV,bound,2009-04-27,19307587.0,1.9
3FQN,HLA-A*02,YLDSGIHSGA,bound,2009-03-02,19196958.0,1.65
3FQR,HLA-A*02,YLDSGIHSGA,bound,2009-03-02,19196958.0,1.7
3FQT,HLA-A*02,GLLGSPVRA,bound,2009-03-02,19196958.0,1.8
3FQU,HLA-A*02,GLLGSPVRA,bound,2009-03-02,19196958.0,1.8
3FQW,HLA-A*02,RVASPTSGV,bound,2009-03-02,19196958.0,1.93
3FQX,HLA-A*02,RVASPTSGV,bound,2009-03-02,19196958.0,1.7
3D25,HLA-A*02,VLHDDLLEA,bound,2009-02-09,19234124.0,1.3
3FFC,HLA-B*08:01,FLRGRAYGL,bound,2009-01-27,19167249.0,2.8
3DX6,HLA-B*44,EENLLDFVRF,bound,2009-01-26,19139173.0,1.7
3DX7,HLA-B*44,EENLLDFVRF,bound,2009-01-26,19139173.0,1.6
3DX8,HLA-B*44,EENLLDFVRF,bound,2009-01-26,19139173.0,2.1
3BHB,HLA-A*02,KMDSFLDMQL,bound,2008-10-20,18836451.0,2.2
2RFX,HLA-B*57,LSSPVTKSF,bound,2008-07-07,18549801.0,2.5
3BZF,HLA-E,VMAPRALLL,bound,2008-04-28,18339401.0,2.5
3C9N,HLA-B*15,VQQESSFVM,bound,2008-02-25,18540051.0,1.87
2VLJ,HLA-A*02:01,GILGFVFTL,bound,2008-01-22,18275829.0,2.4
2VLK,HLA-A*02:01,GILGFVFTL,bound,2008-01-22,18275829.0,2.5
2VLR,HLA-A*02:01,GILGFVFTL,bound,2008-01-22,18275829.0,2.3
2J8U,HLA-A*02:01*,ALWGFFPVL,bound,2007-10-16,17825839.0,2.88
2JCC,HLA-A*02:01*,ALWGFFPVL,bound,2007-10-09,17825839.0,2.5
2P5E,HLA-A*02:01,SLLMWITQC,bound,2007-09-25,17644531.0,1.89
2P5W,HLA-A*02:01,SLLMWITQC,bound,2007-09-25,17644531.0,2.2
2PYE,HLA-A*02:01,SLLMWITQC,bound,2007-09-25,17644531.0,2.3
2UWE,HLA-A*02:01*,ALWGFFPVL,bound,2007-09-25,17825839.0,2.4
2NX5,HLA-B*35:01,EPLPQGQLTAY,bound,2007-02-27,17259989.0,2.7
2NW3,HLA-B*35,EPLPQGQLTAY,bound,2007-02-26,17259989.0,1.7
2FYY,HLA-B*35,HPVGEADYFEY,bound,2006-12-25,17082594.0,1.5
2FZ3,HLA-B*35,HPVGEADYFEY,bound,2006-12-25,17082594.0,1.9
2HN7,HLA-A*11,AIMPARFYPK,bound,2006-11-27,17142892.0,1.6
2DYP,HLA-G,RIIPRHLQL,bound,2006-11-06,17056715.0,2.5
2CIK,HLA-B*35,KPIVVLHGY,bound,2006-10-24,17109469.0,1.75
2GJ6,HLA-A*02:01,LLFGKPVYV,bound,2006-10-03,16962135.0,2.56
2HJK,HLA-B*57,KGFNPEVIPMF,bound,2006-10-02,16951352.0,1.85
2HJL,HLA-B*57,KAFNPEIIPMF,bound,2006-10-02,16951352.0,1.5
2H6P,HLA-B*35,KPIVVLHGY,bound,2006-09-18,16963442.0,1.9
2F53,HLA-A*02:01,SLLMWITQC,bound,2006-04-25,16600963.0,2.1
2F54,HLA-A*02:01,SLLMWITQC,bound,2006-04-25,16600963.0,2.7
2ESV,HLA-E,VMAPRTLIL,bound,2006-03-21,16474394.0,2.6
2AXF,HLA-B*35,APQPAPENAY,bound,2005-11-28,16275762.0,1.8
2AXG,HLA-B*35,APQPAPENAY,bound,2005-11-28,16275762.0,2.0
2AK4,HLA-B*35:05,LPEPLPQGQLTAY,bound,2005-10-11,16186824.0,2.5
1S8D,HLA-A*02,SLANTVATL,bound,2005-09-05,16702212.0,2.2
1T1W,HLA-A*02,SLFNTIAVL,bound,2005-09-05,16702212.0,2.2
1T1X,HLA-A*02,SLYLTVATL,bound,2005-09-05,16702212.0,2.2
1T1Y,HLA-A*02,SLYNVVATL,bound,2005-09-05,16702212.0,2.0
1T1Z,HLA-A*02,ALYNTAAAL,bound,2005-09-05,16702212.0,1.9
1T20,HLA-A*02,SLYNTIATL,bound,2005-09-05,16702212.0,2.2
1T21,HLA-A*02,SLYNTVATL,bound,2005-09-05,16702212.0,2.19
1T22,HLA-A*02,SLYNTVATL,bound,2005-09-05,16702212.0,2.2
1X7Q,HLA-A*11,KTFPPTEPK,bound,2005-08-01,16041067.0,1.45
1ZSD,HLA-B*35,EPLPQGQLTAY,bound,2005-06-06,16148129.0,1.7
2BNQ,HLA-A*02:01,SLLMWITQV,bound,2005-05-23,15837811.0,1.7
2BNR,HLA-A*02:01,SLLMWITQC,bound,2005-05-23,15837811.0,1.9
1ZHK,HLA-B*35,LPEPLPQGQLTAY,bound,2005-05-16,15849183.0,1.6
1ZHL,HLA-B*35,LPEPLPQGQLTAY,bound,2005-05-16,15849183.0,1.5
1XR8,HLA-B*15,LEKARGSTY,bound,2005-04-13,17057332.0,2.3
1XR9,HLA-B*15,ILGPPGSVY,bound,2005-04-13,17057332.0,1.79
1XH3,HLA-B*35,LPAVVGLSPGEQEY,bound,2004-11-22,15494511.0,1.48
1W72,HLA-A*01,EADPTGHSY,bound,2004-11-08,15537658.0,2.15
1N2R,HLA-B*44,EEFGRAFSF,bound,2004-03-15,12939341.0,1.7
1LP9,HLA-A*02:01,ALWGFFPVL,bound,2003-11-11,14563323.0,2.0
1M05,HLA-B*08,FLRGRAYGL,bound,2003-09-01,12391232.0,1.9
1M6O,HLA-B*44,EEFGRAFSF,bound,2003-09-01,12939341.0,1.6
1OGA,HLA-A*02:01,GILGFVFTL,bound,2003-06-19,12796775.0,1.4
1MI5,HLA-B*08:01,FLRGRAYGL,bound,2003-02-04,12530975.0,2.5
1IM3,HLA-A*02,LLFGYPVYV,bound,2001-06-05,11391001.0,2.2
1E27,HLA-B*51,LPPVVAKEI,bound,2000-09-11,10975842.0,2.2
1E28,HLA-B*51,TAFTIPSI,bound,2000-09-11,10975842.0,3.0
1QSE,HLA-A*02:01,LLFGYPRYV,bound,1999-12-21,10435578.0,2.8
1QSF,HLA-A*02:01,LLFGYPVAV,bound,1999-12-21,10435578.0,2.8
1QRN,HLA-A*02:01,LLFGYAVYV,bound,1999-10-14,10435578.0,2.8
1BD2,HLA-A*02:01,LLFGYPVYV,bound,1998-08-19,9586631.0,2.5
1A1M,HLA-B*53,TPYDINQML,bound,1998-04-07,8624812.0,2.3
1A1N,HLA-B*35,VPLRPMTY,bound,1998-04-07,8624811.0,2.0
1A1O,HLA-B*53,KPIVQYDNF,bound,1998-04-07,8624812.0,2.3
1AO7,HLA-A*02:01,LLFGYPVYV,bound,1997-09-17,8906788.0,2.6
1AKJ,HLA-A*02,ILKEPVHGV,bound,1997-09-16,9177355.0,2.65
1AGB,HLA-B*08,GGRKKYKL,bound,1997-06-15,8976183.0,2.2
1AGC,HLA-B*08,GGKKKYQL,bound,1997-06-15,8976183.0,2.1
1AGD,HLA-B*08,GGKKKYKL,bound,1997-06-15,8976183.0,2.05
1AGE,HLA-B*08,GGKKKYRL,bound,1997-06-15,8976183.0,2.3
1AGF,HLA-B*08,GGKKRYKL,bound,1997-06-15,8976183.0,2.2
1HSA,HLA-B*27,ARAAAAAAA,bound,1992-10-14,1525820.0,2.1
