pdbid,MHC,Peptide,BoundToTcr,Date,Pub,Angstrom
8I5C,HLA-A*11:01,VVGAVGVGK,bound,2023-08-23,null,3.34
8I5D,HLA-A*11:01,VVGAVGVGK,bound,2023-08-23,null,3.3
8I5E,HLA-A*11,VVGAGGVGK,bound,2023-08-23,null,2.2
8EC5,HLA-B*08,RARARARARARAFVKKKYCL,bound,2023-07-26,37596268,1.22
8DNT,HLA-A*02:01,LLLDRLNQL,bound,2023-07-19,37872153,3.18
8DVG,HLA-A*03,VVVGAGGVGK,bound,2023-07-19,37604828,2.594
8SHI,HLA-C*06:02,VRSRRXLRL,bound,2023-06-28,37330172,2.90001719663
8ELG,HLA-B*15,NQKLIANAF,bound,2023-06-14,37468623,1.65
8ELH,HLA-B*15,NQKLIANQF,bound,2023-06-14,37468623,1.85
7STF,HLA-A*03,VVVGAVGVGK,bound,2023-05-31,37604828,3.14
8ES8,HLA-A*02,GVYDGREHTV,bound,2023-05-03,null,2.65
8ES9,HLA-A*02,GVYDGREHTV,bound,2023-05-03,null,3.25
7WZZ,HLA-B*58,KAGQVVTIW,bound,2023-05-03,37296297,1.305
7X00,HLA-B*58,VSFIEFVGW,bound,2023-05-03,37296297,1.45
7X1B,HLA-B*58,KAGQVVTI,bound,2023-05-03,37296297,1.399
7X1C,HLA-B*58,VSFIEFVI,bound,2023-05-03,37296297,1.409
8GOM,HLA-A2,RLQSLQTYV,bound,2023-03-01,36806685,2.783
8GON,HLA-A2,RLQSLQIYV,bound,2023-03-01,36806685,2.601
7Q99,HLA-A*02,NLSALGIFST,bound,2023-02-22,37490916,2.55
7Q9A,HLA-A*02,LLLGIGILVL,bound,2023-02-22,37490916,2.1
7Q9B,HLA-A*02,EAAGIGILTV,bound,2023-02-22,37490916,3.24
7XF3,HLA-B*15,ALIGASICF,bound,2023-02-08,36897229,1.91
7T5M,HLA-A*02,FLPTPEELGLLGPPRPQVLA,bound,2022-12-14,null,1.67
7N2N,HLA-B*27,TRLALIAPK,bound,2022-12-07,36477533,2.6
7N2O,HLA-B*27,LRVMMLAPF,bound,2022-12-07,36477533,2.3
7N2P,HLA-B*27,GQVMVVAPR,bound,2022-12-07,36477533,2.5
7N2Q,HLA-B*27,LRVMMLAPF,bound,2022-12-07,36477533,2.7
7N2R,HLA-B*27,TRLALIAPK,bound,2022-12-07,36477533,2.28
7N2S,HLA-B*27,TRLALIAPK,bound,2022-12-07,36477533,2.37
7T0L,HLA-B*27,FRYNGLIHR,bound,2022-12-07,null,3.0
8CX4,HLA-B*27,LRVMMLAPF,bound,2022-12-07,36477533,2.2
8EB2,HLA-A*02,SLLMWITQV,bound,2022-11-30,36381658,2.9
7SIF,HLA-B*35,NPDIVIYQY,bound,2022-11-23,null,1.73
7SIH,HLA-B*35,NPDIVIYQY,bound,2022-11-23,null,1.9
7TR4,HLA-A*02,ELAGIGILTV,bound,2022-11-23,null,2.3
7RK7,HLA-A2,YMDGTMSQV,bound,2022-11-02,null,2.54
8GVB,HLA-A24,RYPLTFGW,bound,2022-10-19,36130828,3.2
8GVG,HLA-A24,RFPLTFGW,bound,2022-10-19,36130828,3.37
8GVI,HLA-A24,RYPLTFGW,bound,2022-10-19,36130828,3.3
8D5Q,H2-Ld,HPGSVNEFDF,bound,2022-09-14,35967379,2.5
7NME,HLA-A24,QLPRLFPLL,bound,2022-09-07,null,2.2
7NMF,HLA-A24,QLPRLFPLL,bound,2022-09-07,null,2.98
7NMG,HLA-A24,LWMRLLPLL,bound,2022-09-07,null,2.48
7PHR,HLA-A2,YLEPGPVTV,bound,2022-08-31,35985289,3.08
7PBC,HLA-A*02:01,GLYDGMEHL,bound,2022-08-03,35851311,2.04
7PDW,HLA-A*02:01,GLYDGMEHL,bound,2022-08-03,35851311,1.82
7QPJ,HLA-A*02:01,GLYDGMEHL,bound,2022-08-03,35851311,1.54
7RE7,HLA-A*02,FMNKFIYEI,bound,2022-07-27,35840635,2.55
7N4K,H2-Db,SSLENFRAYV,bound,2022-07-20,35999236,1.85
7N5C,H2-Db,SSLCNFRAYV,bound,2022-07-20,35999236,1.87
7N5P,H2-Db,SSLCNFRAYV,bound,2022-07-20,35999236,2.09
7OW5,HLA-A*11:01,VVVGAGGVGK,bound,2022-07-20,36088370,2.58
7OW6,HLA-A*11:01,VVVGADGVGK,bound,2022-07-20,36088370,2.64
7PB2,HLA-A*11:01,VVVGADGVGK,bound,2022-07-20,36088370,3.41
7R7Y,HLA-B*57,QATQEVKNW,bound,2022-06-29,37217466,1.6
7R80,HLA-B*5301,QASQEVKNW,bound,2022-06-29,37217466,2.9
7NA5,H2-Db,YGFRNVVHI,bound,2022-06-22,null,2.5
7WT3,HLA-A*24,XGANF,bound,2022-06-22,35667438,1.89
7WT4,HLA-A*24,RYGFVANF,bound,2022-06-22,35667438,1.89
7WT5,HLA-A*24,RAGFVANF,bound,2022-06-22,35667438,2.1
7WJ2,HLA-C*14,LYNTVATL,bound,2022-06-22,35667438,1.28
7WJ3,HLA-C*14,GAAL,bound,2022-06-22,35667438,1.56
7SU9,HLA-C*05:01,GADGVGKSL,bound,2022-06-08,35587797,1.99
7PBE,HLA-A*02:01,YLQPRTFLL,bound,2022-04-27,35931021,3.0
7BH8,HLA-E,VMAPRTVLL,bound,2022-04-13,35347236,1.8
7L1D,HLA-A*03:01,ALHGGWTTK,bound,2022-03-23,35484264,3.11
7RRG,HLA-A*03:01,ALHGGWTTK,bound,2022-03-23,35484264,2.12
7WKJ,HLA-A*11,KTFPPTEPK,bound,2022-03-02,35186375,1.5
7RM4,HLA-A2,HMTEVVRHC,bound,2022-02-09,35124005,3.33
7DZM,HLA-B*81:01,TPQDLNTML,bound,2022-01-26,null,2.25
7DZN,HLA-B*42:01,TPQDLNTML,bound,2022-01-26,null,2.63
7EJL,HLA-A*24,QYIKWPWYI,bound,2022-01-26,34857854,1.89
7EJM,HLA-A*24,TYIKWPWWV,bound,2022-01-26,34857854,1.71
7EJN,HLA-A*24,MYVKWPWYV,bound,2022-01-26,34857854,2.11
6ZKW,HLA-E,RLPAKAPLL,bound,2022-01-26,35108401,2.26
6ZKX,HLA-E,RLPAKAPLLGCG,bound,2022-01-26,35108401,2.17
6ZKY,HLA-E,RLPAKAPLX,bound,2022-01-26,35108401,2.65
6ZKZ,HLA-E,RLPAKAPLX,bound,2022-01-26,35108401,2.3
7NDQ,HLA-E,RMYSPVSIL,bound,2022-01-26,35108401,2.55
7NDT,HLA-E,VMAPRTLIX,bound,2022-01-26,35108401,3.0
7NDU,HLA-E,RMYSPVSIX,bound,2022-01-26,35108401,2.9
7BBG,HLA-A*02,RMFPNAPYL,bound,2021-10-27,34280257,2.64
7RTR,HLA-A*02:01,YLQPRTFLL,bound,2021-10-13,34685626,2.6
7N1E,HLA-A2,RLQSLQTYV,bound,2021-07-28,35013235,2.3
7N1F,HLA-A2,YLQPRTFLL,bound,2021-07-28,35013235,2.39
7N6E,HLA-A2,YLQPRTFLL,bound,2021-07-28,34384783,3.2
7JWI,H2Db,ASNENMETM,bound,2021-07-07,34083463,3.02
7JWJ,H2Db,ASNENMETM,bound,2021-07-07,34083463,3.25
6UJ7,HLA-B*07,SPNGTIQNIL,bound,2021-05-05,34489470,1.9
6UJ8,HLA-B*07,SPNGTIRNIL,bound,2021-05-05,34489470,2.25
6UJ9,HLA-B*07,SPNGTIQNIL,bound,2021-05-05,34489470,2.9
6W51,HLA-A*02,HMTEVVRHC,bound,2021-03-17,33649166,3.53
6VQY,HLA-B*27,KRWIILG,bound,2021-02-10,null,2.57
6VQZ,HLA-B*27,KRWIIL,bound,2021-02-10,null,2.25
6VM7,HLA-A2,ITDQVPFSV,bound,2021-01-20,null,2.41
6VM9,HLA-A2,IMDQVPFSV,bound,2021-01-20,null,2.9
6VMA,HLA-A2,ITDQVPFSV,bound,2021-01-20,null,2.75
6VMC,HLA-A2,ILDQVPFSV,bound,2021-01-20,null,2.85
7KGO,HLA-A*02,ILLNKHIDA,bound,2021-01-20,33521593,2.15
7KGP,HLA-A*02,GMSRIGMEV,bound,2021-01-20,33521593,1.4
7KGQ,HLA-A*02,LLLDRLNQL,bound,2021-01-20,33521593,1.34
7KGR,HLA-A*02,LQLPQGTTL,bound,2021-01-20,33521593,1.55
7KGS,HLA-A*02,ALNTPKDHI,bound,2021-01-20,33521593,1.58
7KGT,HLA-A*02,RLNQLESKM,bound,2021-01-20,33521593,1.9
6WL2,H2-Kb,RGYVYQGL,bound,2020-12-23,33335016,3.3
6WL3,H2-Kb,RGYLYQGL,bound,2020-12-23,33335016,3.45
6WL4,H2-Kb,RGYVYQGL,bound,2020-12-23,33335016,3.6
6PA1,HLA-C*07,RYRPGTVAL,bound,2020-12-16,33846289,3.01
6PAG,HLA-C*07,RYRPGTVAL,bound,2020-12-16,33846289,2.5
7K80,HLA-A*24,RYPLTFGW,bound,2020-12-09,33441440,2.4
7K81,HLA-A*24,RYPLTFGW,bound,2020-12-09,33441440,2.0
6VB1,HLA-B*15,ELRAREEAY,bound,2020-11-25,null,1.75
6VB2,HLA-B*15,ELRARQECY,bound,2020-11-25,null,1.41
6VB4,HLA-B*15,TVAASGHSY,bound,2020-11-25,null,2.33
6VB5,HLA-B*15,TVRASGHSY,bound,2020-11-25,null,2.15
6VB6,HLA-B*15,TVRASGHSY,bound,2020-11-25,null,2.15
6VM8,HLA-A2,IMDQVPFSV,bound,2020-11-25,33468649,2.41
6L9L,H2-Ld,SPSYAYHQF,bound,2020-11-18,34074778,2.4
6UZ1,HLA-A2,LLFGYPVYV,bound,2020-10-28,33074657,3.14
6TMO,HLA-A*02:01,EAAGIGILTV,bound,2020-10-07,32913893,2.1
6WZY,H2-Db,SGPDNGAVAV,bound,2020-09-16,32868409,1.5
6UK2,HLA-A*02:06,KQWLVWLLL,bound,2020-08-19,32807968,3.14
6UK4,HLA-A*02:06,KQWLVWLFL,bound,2020-08-19,32807968,2.7
6VMX,HLA-B*07:02,RPPIFIRRL,bound,2020-07-29,32817371,3.1
6TRO,HLA-A*02:01,GVYDGREHTV,bound,2020-06-24,32532817,3.0
6VQO,HLA-A*02:01,HMTEVVRHC,bound,2020-06-17,32518267,3.0
6VRM,HLA-A*02:01,HMTEVVRHC,bound,2020-06-17,32518267,2.61
6VRN,HLA-A*02:01,HMTEVVRHC,bound,2020-06-17,32518267,2.46
6P64,HLA-A*02:06,KQWLVWLFL,bound,2020-06-03,null,3.05
6ULN,HLA-C*08:02,GADGVGKSA,bound,2020-05-27,32461371,2.01
6ULR,HLA-C*08:02,GADGVGKSA,bound,2020-05-27,32461371,3.2
6UON,HLA-C*08:02,GADGVGKSAL,bound,2020-05-27,32461371,3.5
6V3J,HLA-B*57,LSSPVTKSF,bound,2020-05-19,32404419,1.98
6RSY,HLA-A*02:01,RMFPNAPYL,bound,2020-04-15,32310221,2.95
6JTN,HLA-C*08,GADGVGKSAL,bound,2020-04-14,null,1.9
6JTO,HLA-C*05,GADGVGKSAL,bound,2020-04-14,null,1.7
6JTP,HLA-C*08,GADGVGKSA,bound,2020-04-14,null,1.9
6R2L,HLA-A*02:01,SLSKILDTV,bound,2020-02-26,null,2.3
6JOZ,HLA-A*11,ATIGTAMYK,bound,2020-01-28,31723204,1.35
6RP9,HLA-A*02:01,SLLMWITQV,bound,2020-01-15,32102902,3.12
6RPA,HLA-A*02:01,SLLMWITQV,bound,2020-01-15,32102902,2.56
6RPB,HLA-A*02:01,SLLMWITQV,bound,2020-01-15,32102902,2.5
6O4Y,HLA-A*02,KLVVGAVGV,bound,2020-01-14,31803176,1.58
6O4Z,HLA-A*02,KLVVVAVGV,bound,2020-01-14,31803176,1.5
6O51,HLA-A*02,YLVVVGAVGV,bound,2020-01-14,31803176,1.55
6O53,HLA-A*02,KLVVVGAVGV,bound,2020-01-14,31803176,1.4
6PBH,HLA-A*68,DATYQRTRALVR,bound,2019-12-10,31811120,1.89
6PYJ,HLA-B*27,LRNQSVFNF,bound,2019-12-03,31740583,1.44
6PYV,HLA-B*27,LRNQSVFNF,bound,2019-11-26,31740583,1.45
6PZ5,HLA-B*27,LRNQSVFNF,bound,2019-11-26,31740583,1.53
6K60,HLA-G,RIIPRHLQL,bound,2019-11-26,31694909,3.15
6O9B,HLA-A*03,TTAPSLSGK,bound,2019-11-12,31690625,2.2
6O9C,HLA-A*03,TTAPFLSGK,bound,2019-11-12,31690625,2.45
6P23,HLA-B*08,RARAAAKKKYCL,bound,2019-10-15,31601650,1.59
6P27,HLA-B*08,RARAAAKKKYCL,bound,2019-10-15,31601650,1.59
6P2C,HLA-B*08,RARARARARARAAAKKKYCL,bound,2019-10-15,31601650,1.4
6J1V,HLA-A*30,AIFQSSMTK,bound,2019-09-24,31396224,2.0
6J1W,HLA-A*30,AIFQSSMTK,bound,2019-09-24,31396224,1.5
6J29,HLA-A*30,QIMYNYPAM,bound,2019-09-24,31396224,1.6
6J2A,HLA-A*30,CTELKLSDY,bound,2019-09-24,31396224,1.4
6AEE,HLA-G,RIIPRHLQL,bound,2019-07-30,31273318,3.3
6Q3S,HLA-A2,SLLMWITQV,bound,2019-07-24,31324691,2.5
6G9Q,H2-Db,KAPYDYAPI,bound,2019-04-24,null,1.89
6DKP,HLA-A*02:01,ELAGIGILTV,bound,2019-04-10,30617019,2.97
6D78,HLA-A*02:01,AAGIGILTV,bound,2019-04-03,30617019,2.35
6MTM,HLA-B*37:01,FEDLRVLSF,bound,2019-02-13,30575715,3.0
6MTL,HLA-B*44,FEDLRVLSF,bound,2019-02-12,30575715,1.35
6ID4,HLA-A*11,AIFQSSMTK,bound,2019-02-05,30792391,2.4
5YXN,HLA-A*02:01,KLVALGINAV,bound,2018-12-12,null,2.03
5YXU,HLA-A*02:01,KLVALGINAV,bound,2018-12-12,null,2.7
6EWA,HLA-A*02,ILKEPVHGV,bound,2018-11-06,30365927,2.39
6EWC,HLA-A*02,RLSSPLHFV,bound,2018-11-06,30365927,3.2
6EWO,HLA-A*02,RTFSPTYGL,bound,2018-11-06,30365927,2.3
6EQA,HLA-A*02:01,AAGIGILTV,bound,2018-10-10,31091334,3.16
6EQB,HLA-A*02:01,AAGIGILTV,bound,2018-10-10,31091334,2.81
5VUD,HLA-B*57,LSSPVTKSW,bound,2018-10-02,30410026,2.0
5VUE,HLA-B*57,LTVQVARVW,bound,2018-10-02,30410026,1.8
5VUF,HLA-B*57,LTVQVARVY,bound,2018-10-02,30410026,1.9
5VVP,HLA-B*57,LSSPVTKSW,bound,2018-10-02,30410026,2.0
5VWD,HLA-B*57,LTVQVARVW,bound,2018-10-02,30410026,1.8
5VWF,HLA-B*57,LTVQVARVY,bound,2018-10-02,30410026,1.8
5VWJ,HLA-B*58,LTVQVARVW,bound,2018-10-02,30410026,2.0
6AMU,HLA-A*02:01,MMWDRGLGMM,bound,2018-08-15,null,2.15
6AM5,HLA-A*02:01,SMLGIGIVPV,bound,2018-08-08,null,2.39
6BJ2,HLA-B*35:01,IPLTEEAEL,bound,2018-07-25,30053426,3.35
6BJ3,HLA-B*35:01,IPLTEEAEL,bound,2018-07-25,30053426,1.9
6BJ8,HLA-B*35:01,VPLTEDAEL,bound,2018-07-25,30053426,1.75
5WMO,HLA-B*07,RPPIFIRRL,bound,2018-06-05,29735483,1.62
5WMP,HLA-B*07,TPRVTGGGAM,bound,2018-06-05,29735483,1.6
5NQK,HLA-A*02:01,ELAGIGILTV,bound,2018-05-30,null,3.25
5NHT,HLA-A*02:01,ELAGIGILTV,bound,2018-05-16,null,3.2
6BXP,HLA-B*57,RVKEKYQHLW,bound,2018-03-13,29437277,1.45
6AVF,HLA-B*07:02,APRGPHGGAASGL,bound,2018-02-28,29531227,2.03
6AVG,HLA-B*07:02,APRGPHGGAASGL,bound,2018-02-28,29531227,2.6
6AT5,HLA-B*07,APRGPHGGAASGL,bound,2018-02-27,29531227,1.5
5WWI,HLA-A*24,LYKKLKREMTF,bound,2018-01-16,null,3.19
5WWJ,HLA-A*24,LYKKLKREMTF,bound,2018-01-16,null,2.29
5WWU,HLA-A*24,LYKKLKREITF,bound,2018-01-16,30087171,2.79
5WXC,HLA-A*24,LYKKLKREMTF,bound,2018-01-16,30087171,2.29
5WXD,HLA-A*24,LYKKLKREMTF,bound,2018-01-16,30087171,3.29
5M00,H2-Db,KAVANFATM,bound,2017-12-20,null,1.95
5M02,H2-Db,KAPFNFATM,bound,2017-12-20,null,1.75
5NME,HLA-A*02:01,SLYNTVATL,bound,2017-11-15,29209312,2.94
5NMF,HLA-A*02:01,SLYNTIATL,bound,2017-11-15,29209312,2.89
5NMG,HLA-A*02:01,SLFNTIAVL,bound,2017-11-15,29209312,2.75
5WLG,H2-Db,SQLLNAKYL,bound,2017-11-15,29150238,2.1
5NMH,HLA-A*02,SLYNTIATL,bound,2017-11-14,29209312,1.55
5TIL,H2-Db,KAPYNFATM,bound,2017-11-01,null,2.83
5TJE,H2-Db,KAVYNFATM,bound,2017-11-01,null,3.2
5M01,H2-Db,KAPANFATM,bound,2017-10-25,null,1.95
5W1V,HLA-E,VMAPRTLIL,bound,2017-10-04,28972140,3.31
5W1W,HLA-E,VMAPRTLVL,bound,2017-10-04,28972140,3.1
5TEZ,HLA-A*02:01,GILGFVFTL,bound,2017-09-27,28931605,1.7
5WKF,HLA-A*11:01,GTSGSPIVNR,bound,2017-09-20,28945243,2.95
5WKH,HLA-A*11:01,GTSGSPIINR,bound,2017-09-20,28945243,3.2
5GRD,HLA-A*11,SSCSSCPLSK,bound,2017-08-08,28698575,1.8
5GSD,HLA-A*11,SSCPLSK,bound,2017-08-08,28698575,2.3
5U98,HLA-B*57,VTTDIQVKV,bound,2017-07-18,28686208,2.0
5GSB,H2-Kd,KYYSIIPHSI,bound,2017-07-11,27903740,1.8
5XOT,HLA-B*35:01,IPLTEEAEL,bound,2017-06-14,28615212,2.79
5XOV,HLA-A*24:02,RYPLTFGWCF,bound,2017-06-14,28615212,2.68
5V5M,HLA-B*57,TSTLQEQIGW,bound,2017-06-13,28552904,2.88
5XOS,HLA-B*35,IPLTEEAEL,bound,2017-06-13,28615212,1.7
5IUE,HLA-F,LILRWEQD,bound,2017-06-13,28636952,2.62
5KNM,HLA-F,ILRWEQ,bound,2017-06-13,28636952,3.3
5GR7,H2-Kd,YYSIIPHSI,bound,2017-06-06,27903740,2.4
5GSX,H2-Kd,FYAPEPITSL,bound,2017-06-06,27903740,2.5
5JZI,HLA-A*02:01,KLVALGINAV,bound,2017-05-31,28572406,2.5
5GSR,H2-Kd,YYSIAPHSI,bound,2017-04-25,27903740,2.2
5GSV,H2-Kd,FYAPEPITSL,bound,2017-04-25,27903740,2.0
5IVX,H2-Dd,RGPGRAFVTI,bound,2017-03-29,28508865,2.1
5ISZ,HLA-A*02:01,GILGFVFTL,bound,2017-03-01,28250417,2.06
5JHD,HLA-A*02:01,GILGFVFTL,bound,2017-03-01,28250417,2.46
5T6W,HLA-B*57,SSTRGISQLW,bound,2017-02-28,28218747,1.9
5T6X,HLA-B*57,TSTTSVASSW,bound,2017-02-28,28218747,1.69
5T6Y,HLA-B*57,TSTFEDVKILAF,bound,2017-02-28,28218747,1.76
5T6Z,HLA-B*57,TSTLQEQIGW,bound,2017-02-28,28218747,2.0
5T70,HLA-B*57,TSNLQEQIGW,bound,2017-02-28,28218747,2.1
5F7D,HLA-A*02,GLKEGIPALD,bound,2016-12-20,28179428,2.3
5F9J,HLA-A*02,YLSPIASPL,bound,2016-12-20,28179428,2.51
5FA3,HLA-A*02,GLLPELPAV,bound,2016-12-20,28179428,1.86
5MEN,HLA-A*02:01,ILAKFLHWL,bound,2016-12-07,27903649,2.81
5EUO,HLA-A*02:01,GILGFVFTL,bound,2016-11-23,null,2.1
5ENW,HLA-A*02,GLKEGIPAL,bound,2016-11-08,28179428,1.85
5E6I,HLA-A*02:01,GILGFVFTL,bound,2016-10-19,null,4.0
5SWS,H2-Db,ASNENMETM,bound,2016-10-05,27717799,2.86
5SWZ,H2-Db,ASNENMETM,bound,2016-10-05,27717799,2.65
5IM7,HLA-B*58,QASQEVKNW,bound,2016-10-04,27638468,2.5
5INC,HLA-B*58,QATQEVKNW,bound,2016-10-04,27638468,2.88
5IND,HLA-B*58,QASQDVKNW,bound,2016-10-04,27638468,2.13
5SWQ,HLA-A*02,CVNGSCFTV,bound,2016-10-04,27645996,2.0
5IRO,HLA-A*02,LLFGYPVYV,bound,2016-08-23,27385781,2.64
5DDH,HLA-A*02,FVLELEPEWTVK,bound,2016-07-26,26824387,1.5
5E9D,HLA-A*02:01,ELAGIGILTV,bound,2016-06-08,27238970,2.51
5C07,HLA-A*02:01,YQFGPDFPIA,bound,2016-05-04,27183389,2.11
5C08,HLA-A*02:01,RQWGPDPAAV,bound,2016-05-04,27183389,2.33
5C09,HLA-A*02:01,YLGGPDFPTI,bound,2016-05-04,27183389,2.48
5C0A,HLA-A*02:01,MVWGPDPLYV,bound,2016-05-04,27183389,2.46
5C0B,HLA-A*02:01,RQFGPDFPTI,bound,2016-05-04,27183389,2.03
5C0C,HLA-A*02:01,RQFGPDWIVA,bound,2016-05-04,27183389,1.97
5HYJ,HLA-A*02:01,AQWGPDPAAA,bound,2016-05-04,27183386,3.06
5B38,HLA-B*57,LSSPVTKSF,bound,2016-03-29,27045007,2.3
5B39,HLA-B*57,LSSPVTKSF,bound,2016-03-29,27045007,2.5
5HHM,HLA-A*02:01,GILGLVFTL,bound,2016-03-23,27036003,2.5
5HHO,HLA-A*02:01,GILEFVFTL,bound,2016-03-23,27036003,2.95
5BRZ,HLA-A*01:01,EVDPIGHLY,bound,2016-03-02,26758806,2.62
5BS0,HLA-A*01:01,ESDPIVAQY,bound,2016-03-02,26758806,2.4
5EU6,HLA-A*02:01,YLEPGPVTV,bound,2016-03-02,26917722,2.02
4WUU,HLA-A*02,RMFPNAPYL,bound,2015-12-29,26688548,3.05
5D2L,HLA-A*02:01,NLVPMVATV,bound,2015-10-07,26429912,3.51
5D2N,HLA-A*02:01,NLVPMVATV,bound,2015-10-07,26429912,2.1
4MVB,H2-Ld,QPAEGGFQL,bound,2015-08-19,26523866,3.09
4MXQ,H2-Ld,SPAPRPLDL,bound,2015-08-19,26523866,2.6
4N0C,H2-LD,MPAGRPWDL,bound,2015-08-19,26523866,2.9
4WU7,HLA-A*24,RFPLTFGW,bound,2015-05-05,null,2.3
4QRU,HLA-B*08,ELRRKMMYM,bound,2015-02-03,24509977,1.6
3X11,HLA-B*57,LSSPVTKSF,bound,2014-12-23,25480565,2.15
3X12,HLA-B*57,LSSPVTKSF,bound,2014-12-23,25480565,1.8
3X13,HLA-B*08,FLRGRAYGL,bound,2014-12-23,25480565,1.8
3X14,HLA-B*08,FLRGRAYGL,bound,2014-12-23,25480565,2.0
4NO3,HLA-A*02,RQISQDVKL,bound,2014-12-23,28903331,1.7
4NO5,HLA-A*02,RQISQDVKL,bound,2014-12-23,28903331,2.1
4QOK,HLA-A*02:01,EAAGIGILTV,bound,2014-12-17,25471691,3.0
4QRR,HLA-B*35:01,IPSINVHHY,bound,2014-12-10,25452463,3.0
4QRS,HLA-B*08,ELKRKMIYM,bound,2014-12-09,24509977,1.4
4NNX,HLA-A*02,RQASLSISV,bound,2014-11-18,28903331,2.1
4NNY,HLA-A*02,RQASLSISV,bound,2014-11-18,28903331,1.9
4NO0,HLA-A*02,RQASIELPSMAV,bound,2014-11-18,28903331,2.7
4NO2,HLA-A*02,RQASIELPSMAV,bound,2014-11-18,28903331,2.0
4QRP,HLA-B*08:01,HSKKKCDEL,bound,2014-11-12,25355921,2.9
4MS8,H2-Ld,SPAEAGFFL,bound,2014-09-24,26523866,1.92
4UQ2,HLA-A*11,AIMXYPK,bound,2014-09-16,25348595,2.43
4LNR,HLA-B*35,RPQVPLRPMTY,bound,2014-07-22,25028510,2.0
4NT6,HLA-C*08,GILGFVFTL,bound,2014-07-22,24990997,1.84
4O2C,HLA-B*39,XSHVAVENAL,bound,2014-07-22,24829406,1.8
4O2E,HLA-B*39,SHVAVENAL,bound,2014-07-22,24829406,1.98
4O2F,HLA-B*39,HVAVENAL,bound,2014-07-22,24829406,1.9
4L3E,HLA-A*02:01,ELAGIGILTV,bound,2014-06-11,24550723,2.56
4MJI,HLA-B*51:01,TAFTIPSI,bound,2014-05-28,24600035,2.99
3WUW,HLA-B*57,LSSPVTKSF,bound,2014-05-27,24563253,2.0
4PRH,HLA-B*35:08,HPVGDADYFEY,bound,2014-04-30,24759101,2.5
4PRI,HLA-B*35:08,HPVGEADYFEY,bound,2014-04-16,24759101,2.4
4PRP,HLA-B*35:01,HPVGQADYFEY,bound,2014-04-16,24759101,2.5
4PR5,HLA-B*35,HPVGDADYFEY,bound,2014-04-15,24759101,1.8
4PRA,HLA-B*35,HPVGQADYFEY,bound,2014-04-15,24759101,1.85
4PRB,HLA-B*35,HPVAEADYFEY,bound,2014-04-15,24759101,1.75
4PRD,HLA-B*35,HPVGDADYFEY,bound,2014-04-15,24759101,1.75
4PRE,HLA-B*35,HPVGQADYFEY,bound,2014-04-15,24759101,1.65
4PRN,HLA-B*35,HPVAEADYFEY,bound,2014-04-15,24759101,1.65
4N8V,HLA-A*11,MLIYSMWGK,bound,2014-02-04,24550293,2.5
4L3C,HLA-A*02,YLLMWITQV,bound,2013-12-24,24338476,2.64
4MNQ,HLA-A*02:01,ILAKFLHWL,bound,2013-11-13,24196962,2.74
3W0W,HLA-A24,RFPLTFGWCF,bound,2013-11-06,24192765,2.6
3VXM,HLA-A*24:02,RFPLTFGWCF,bound,2013-10-23,24192765,2.5
3VXR,HLA-A*24:02,RYPLTFGWCF,bound,2013-10-23,24192765,2.4
3VXS,HLA-A*24:02,RYPLTLGWCF,bound,2013-10-23,24192765,1.8
3VXU,HLA-A*24:02,RFPLTFGWCF,bound,2013-10-23,24192765,2.7
4HWZ,HLA-A*68,AIFQSSMTK,bound,2013-10-15,23566939,2.4
4HX1,HLA-A*68,SVYDFFVWL,bound,2013-10-01,23566939,1.8
4I48,HLA-A*68,TLTSCNTSV,bound,2013-10-01,23566939,2.8
4FTV,HLA-A*02:01,LLFGYPVYV,bound,2013-07-03,null,2.74
4JQV,HLA-B*18,SELEIKRY,bound,2013-06-25,23749632,1.5
4JQX,HLA-B*44,EECDSELEIKRY,bound,2013-06-25,23749632,1.9
4JFD,HLA-A*02:01,ELAAIGILTV,bound,2013-05-29,23698002,2.46
4JFE,HLA-A*02:01,ELAGIGALTV,bound,2013-05-29,23698002,2.7
4JFF,HLA-A*02:01,ELAGIGILTV,bound,2013-05-29,23698002,2.43
4EUP,HLA-A*02:01,ALGIGILTV,bound,2013-05-01,null,2.88
4JRX,HLA-B*35:05,LPEPLPQGQLTAY,bound,2013-04-10,23569211,2.3
4JRY,HLA-B*35:05,LPEPLPQGQLTAY,bound,2013-04-10,23569211,2.8
4G8G,HLA-B*27:05,KRWIILGLNK,bound,2013-03-20,23521884,2.4
4G9F,HLA-B*27:05,KRWIIMGLNK,bound,2013-03-20,23521884,1.9
4G8I,HLA-B*27,KRWIIMGLNK,bound,2013-03-19,23521884,1.6
4G9D,HLA-B*27,KRWIILGLNK,bound,2013-03-19,23521884,1.6
2YPL,HLA-B*57:01,KAFSPEVIPMF,bound,2012-11-28,23161907,2.4
2YPK,HLA-B*57,KAFSPEVIPMF,bound,2012-11-27,23161907,1.95
3VCL,HLA-B*07,RPHERNGFTVL,bound,2012-11-20,22323539,1.7
4HKJ,H2-Kb,SIINFEKL,bound,2012-11-13,23209377,3.0
4E5X,HLA-A*02,LLFGYPVYV,bound,2012-10-09,23042604,1.95
3TID,H2-Kb,AVYNFATM,bound,2012-08-21,24127554,1.65
3TIE,H2-Kb,AIVNYANL,bound,2012-08-21,24127554,2.25
3SPV,HLA-B*08,RAKFKQLL,bound,2012-07-03,null,1.3
3UPR,HLA-B*57,HSITYLLPV,bound,2012-06-12,22645359,2.0
3VFN,HLA-B*35,LPEPLPQGQLTAY,bound,2012-03-06,22343629,1.5
3VFO,HLA-B*35,LPEPLPQGQLTAY,bound,2012-03-06,22343629,1.7
3VFP,HLA-B*35,LPEPLPQGQLTAY,bound,2012-03-06,22343629,1.85
3SJV,HLA-B*08:01,FLRGRAYGL,bound,2012-02-29,22140258,3.1
3RL2,HLA-A*03,QVPLRPMTYK,bound,2012-02-28,21943705,2.39
3VFS,HLA-B*35,LPEPAPQGQLTAY,bound,2012-02-21,22343629,1.85
3VFW,HLA-B*35,LPEPLPQGQATAY,bound,2012-02-21,22343629,2.3
3UTS,HLA-A*02:01,ALWGPDPAAA,bound,2012-01-25,22245737,2.71
3UTT,HLA-A*02:01,ALWGPDPAAA,bound,2012-01-25,22245737,2.6
3REW,HLA-A*02,CLGGLLTMV,bound,2012-01-17,22160697,1.9
3QFJ,HLA-A*02:01,LLFGFPVYV,bound,2012-01-11,22019736,2.29
3TF7,H2-Ld,QLSPFPFDL,bound,2011-12-07,22101157,2.75
3TFK,H2-Ld,QLSDVPMDL,bound,2011-12-07,22101157,2.75
3TJH,H2-Ld,SPLDSLWWI,bound,2011-12-07,22101157,2.12
3TPU,H2-Ld,FLSPFWFDI,bound,2011-12-07,22101157,3.1
3VH8,HLA-B*57,LSSPVTKSF,bound,2011-10-25,22020283,1.8
3RGV,H2-Kb,WIYVYRPMGCGGS,bound,2011-07-20,21683626,2.9
3QDG,HLA-A*02:01,ELAGIGILTV,bound,2011-07-06,21795600,2.69
3QDJ,HLA-A*02:01,AAGIGILTV,bound,2011-07-06,21795600,2.3
3QDM,HLA-A*02:01,ELAGIGILTV,bound,2011-07-06,21795600,2.8
3QEQ,HLA-A*02:01,AAGIGILTV,bound,2011-07-06,21795600,2.59
3QZW,HLA-A*24,RYPLTFGWCF,bound,2011-06-28,21645925,2.8
3PQY,H2-Db,SSLENFRAYV,bound,2011-05-18,21606376,3.19
2XPG,HLA-A*03,KLIETYFSK,bound,2011-04-26,21543847,2.6
3PWP,HLA-A*02:01,LGYGFVNYI,bound,2011-03-09,21282516,2.69
3O4L,HLA-A*02:01,GLCTLVAML,bound,2011-01-12,21124993,2.54
3LN4,HLA-B*41,AEMYGSVTEHPSPSPL,bound,2010-10-19,20934997,1.3
3LN5,HLA-B*41,HEEAVSVDRVL,bound,2010-10-19,20934997,1.9
3KXF,HLA-B*35:08,LPEPLPQGQLTAY,bound,2010-06-09,20483993,3.1
3MV7,HLA-B*35:01,HPVGEADYFEY,bound,2010-06-09,20566715,2.0
3MV8,HLA-B*35:01,HPVGEADYFEY,bound,2010-06-09,20566715,2.1
3MV9,HLA-B*35:01,HPVGEADYFEY,bound,2010-06-09,20566715,2.7
3KWW,HLA-B*35,LPEPLPQGQLTAY,bound,2010-06-08,20483993,2.18
3L3D,HLA-B*44,EEAGRAFSF,bound,2010-03-15,20212169,1.8
3L3G,HLA-B*44,EEFGAAFSF,bound,2010-03-15,20212169,2.1
3L3I,HLA-B*44,EEFGRAASF,bound,2010-03-15,20212169,1.7
3L3J,HLA-B*44,EEAGAAFSF,bound,2010-03-15,20212169,2.4
3L3K,HLA-B*44,EEFGAAASF,bound,2010-03-15,20212169,2.6
3H9S,HLA-A*02:01,MLWGYLQYV,bound,2010-01-12,20064447,2.7
3KPR,HLA-B*44:05,EEYLKAWTF,bound,2009-12-22,20064448,2.6
3KPS,HLA-B*44:05,EEYLQAFTY,bound,2009-12-22,20064448,2.7
3KPL,HLA-B*44,EEYLQAFTY,bound,2009-12-21,20064448,1.96
3KPM,HLA-B*44,EEYLKAWTF,bound,2009-12-21,20064448,1.6
3KPN,HLA-B*44,EEYLQAFTY,bound,2009-12-21,20064448,2.0
3KPP,HLA-B*44,EEYLQAFTY,bound,2009-12-21,20064448,1.9
3KPQ,HLA-B*44,EEYLKAWTF,bound,2009-12-21,20064448,1.84
3E6F,H2-Dd,IGPGRAFYA,bound,2009-08-17,19620307,2.41
3GSN,HLA-A*02:01,NLVPMVATV,bound,2009-08-04,19542454,2.8
3HG1,HLA-A*02:01,ELAGIGILTV,bound,2009-07-28,19605354,3.0
3DMM,H2-Dd,RGPGRAFVTI,bound,2009-07-13,19625641,2.6
3D39,HLA-A*02:01,LLFGFPVYV,bound,2009-06-16,19698083,2.81
3D3V,HLA-A*02:01,LLFGFPVYV,bound,2009-06-16,19698083,2.8
3HAE,HLA-A*02,SLLMWITQV,bound,2009-05-18,19307587,2.9
3GJF,HLA-A*02,SLLMWITQV,bound,2009-04-27,19307587,1.9
3FQN,HLA-A*02,YLDSGIHSGA,bound,2009-03-02,19196958,1.65
3FQR,HLA-A*02,YLDSGIHSGA,bound,2009-03-02,19196958,1.7
3FQT,HLA-A*02,GLLGSPVRA,bound,2009-03-02,19196958,1.8
3FQU,HLA-A*02,GLLGSPVRA,bound,2009-03-02,19196958,1.8
3FQW,HLA-A*02,RVASPTSGV,bound,2009-03-02,19196958,1.93
3FQX,HLA-A*02,RVASPTSGV,bound,2009-03-02,19196958,1.7
3D25,HLA-A*02,VLHDDLLEA,bound,2009-02-09,19234124,1.3
3DXA,HLA-B*44:05,EENLLDFVRF,bound,2009-01-27,19139173,3.5
3FFC,HLA-B*08:01,FLRGRAYGL,bound,2009-01-27,19167249,2.8
3DX6,HLA-B*44,EENLLDFVRF,bound,2009-01-26,19139173,1.7
3DX7,HLA-B*44,EENLLDFVRF,bound,2009-01-26,19139173,1.6
3DX8,HLA-B*44,EENLLDFVRF,bound,2009-01-26,19139173,2.1
3BHB,HLA-A*02,KMDSFLDMQL,bound,2008-10-20,18836451,2.2
3CVH,H2-Kb,SIINFEKL,bound,2008-09-22,18703505,2.9
2RFX,HLA-B*57,LSSPVTKSF,bound,2008-07-07,18549801,2.5
3BZF,HLA-E,VMAPRALLL,bound,2008-04-28,18339401,2.5
3C8K,H2-Kb,SIINFEKL,bound,2008-04-14,18426793,2.9
3C9N,HLA-B*15,VQQESSFVM,bound,2008-02-25,18540051,1.87
2VLJ,HLA-A*02:01,GILGFVFTL,bound,2008-01-22,18275829,2.4
2VLK,HLA-A*02:01,GILGFVFTL,bound,2008-01-22,18275829,2.5
2VLR,HLA-A*02:01,GILGFVFTL,bound,2008-01-22,18275829,2.3
2VE6,H2-Db,FAPGNYXAL,bound,2008-01-21,18245382,2.65
2J8U,HLA-A*02:01*,ALWGFFPVL,bound,2007-10-16,17825839,2.88
2JCC,HLA-A*02:01*,ALWGFFPVL,bound,2007-10-09,17825839,2.5
2P5E,HLA-A*02:01,SLLMWITQC,bound,2007-09-25,17644531,1.89
2P5W,HLA-A*02:01,SLLMWITQC,bound,2007-09-25,17644531,2.2
2PYE,HLA-A*02:01,SLLMWITQC,bound,2007-09-25,17644531,2.3
2UWE,HLA-A*02:01*,ALWGFFPVL,bound,2007-09-25,17825839,2.4
2OL3,H2-Kbm8,SQYYYNSL,bound,2007-04-03,17363906,2.9
2NX5,HLA-B*35:01,EPLPQGQLTAY,bound,2007-02-27,17259989,2.7
2NW3,HLA-B*35,EPLPQGQLTAY,bound,2007-02-26,17259989,1.7
2FYY,HLA-B*35,HPVGEADYFEY,bound,2006-12-25,17082594,1.5
2FZ3,HLA-B*35,HPVGEADYFEY,bound,2006-12-25,17082594,1.9
2HN7,HLA-A*11,AIMPARFYPK,bound,2006-11-27,17142892,1.6
2DYP,HLA-G,RIIPRHLQL,bound,2006-11-06,17056715,2.5
2CIK,HLA-B*35,KPIVVLHGY,bound,2006-10-24,17109469,1.75
2GJ6,HLA-A*02:01,LLFGKPVYV,bound,2006-10-03,16962135,2.56
2HJK,HLA-B*57,KGFNPEVIPMF,bound,2006-10-02,16951352,1.85
2HJL,HLA-B*57,KAFNPEIIPMF,bound,2006-10-02,16951352,1.5
2H6P,HLA-B*35,KPIVVLHGY,bound,2006-09-18,16963442,1.9
2F53,HLA-A*02:01,SLLMWITQC,bound,2006-04-25,16600963,2.1
2F54,HLA-A*02:01,SLLMWITQC,bound,2006-04-25,16600963,2.7
2CII,H2-Db,FAPGNYPAL,bound,2006-03-28,16478731,2.55
2ESV,HLA-E,VMAPRTLIL,bound,2006-03-21,16474394,2.6
2AXF,HLA-B*35,APQPAPENAY,bound,2005-11-28,16275762,1.8
2AXG,HLA-B*35,APQPAPENAY,bound,2005-11-28,16275762,2.0
2AK4,HLA-B*35:05,LPEPLPQGQLTAY,bound,2005-10-11,16186824,2.5
1S8D,HLA-A*02,SLANTVATL,bound,2005-09-05,16702212,2.2
1T1W,HLA-A*02,SLFNTIAVL,bound,2005-09-05,16702212,2.2
1T1X,HLA-A*02,SLYLTVATL,bound,2005-09-05,16702212,2.2
1T1Y,HLA-A*02,SLYNVVATL,bound,2005-09-05,16702212,2.0
1T1Z,HLA-A*02,ALYNTAAAL,bound,2005-09-05,16702212,1.9
1T20,HLA-A*02,SLYNTIATL,bound,2005-09-05,16702212,2.2
1T21,HLA-A*02,SLYNTVATL,bound,2005-09-05,16702212,2.19
1T22,HLA-A*02,SLYNTVATL,bound,2005-09-05,16702212,2.2
1X7Q,HLA-A*11,KTFPPTEPK,bound,2005-08-01,16041067,1.45
1VGK,H2-Kd,SYVNTNMGL,bound,2005-06-27,null,2.06
1ZSD,HLA-B*35,EPLPQGQLTAY,bound,2005-06-06,16148129,1.7
2BNQ,HLA-A*02:01,SLLMWITQV,bound,2005-05-23,15837811,1.7
2BNR,HLA-A*02:01,SLLMWITQC,bound,2005-05-23,15837811,1.9
1ZHK,HLA-B*35,LPEPLPQGQLTAY,bound,2005-05-16,15849183,1.6
1ZHL,HLA-B*35,LPEPLPQGQLTAY,bound,2005-05-16,15849183,1.5
1XR8,HLA-B*15,LEKARGSTY,bound,2005-04-13,17057332,2.3
1XR9,HLA-B*15,ILGPPGSVY,bound,2005-04-13,17057332,1.79
1XH3,HLA-B*35,LPAVVGLSPGEQEY,bound,2004-11-22,15494511,1.48
1W72,HLA-A*01,EADPTGHSY,bound,2004-11-08,15537658,2.15
1N2R,HLA-B*44,EEFGRAFSF,bound,2004-03-15,12939341,1.7
1LP9,HLA-A*02:01,ALWGFFPVL,bound,2003-11-11,14563323,2.0
1P1Z,H2-Kb,SIINFEKL,bound,2003-11-10,14595439,3.26
1P4L,H2-Kb,SIINFEKL,bound,2003-11-10,14595439,2.9
1P7Q,HLA-A*02,ILKEPVHGV,bound,2003-10-13,12897781,3.4
1M05,HLA-B*08,FLRGRAYGL,bound,2003-09-01,12391232,1.9
1M6O,HLA-B*44,EEFGRAFSF,bound,2003-09-01,12939341,1.6
1OGA,HLA-A*02:01,GILGFVFTL,bound,2003-06-19,12796775,1.4
1NAM,H2-Kb,RGYVYQGL,bound,2003-03-11,12563259,2.7
1MI5,HLA-B*08:01,FLRGRAYGL,bound,2003-02-04,12530975,2.5
1MWA,H2-Kbm3,EQYKFYSV,bound,2002-11-27,11994422,2.4
1KJ2,H2-Kb,KVITFIDL,bound,2002-03-27,11911820,2.71
1IM3,HLA-A*02,LLFGYPVYV,bound,2001-06-05,11391001,2.2
1G6R,H2-Kb,SIYRYYGL,bound,2000-11-15,10755612,2.8
1FO0,H2-Kb,INFDFNTI,bound,2000-10-02,11017099,2.5
1E27,HLA-B*51,LPPVVAKEI,bound,2000-09-11,10975842,2.2
1E28,HLA-B*51,TAFTIPSI,bound,2000-09-11,10975842,3.0
1QO3,H2-Dd,RGPGRAFVTI,bound,2000-01-01,10604468,2.3
1QSE,HLA-A*02:01,LLFGYPRYV,bound,1999-12-21,10435578,2.8
1QSF,HLA-A*02:01,LLFGYPVAV,bound,1999-12-21,10435578,2.8
1QRN,HLA-A*02:01,LLFGYAVYV,bound,1999-10-14,10435578,2.8
1QLF,H2-Db,FAPSNYPAL,bound,1999-08-31,10023771,2.65
1CE6,H2-Db,FAPGNYPAL,bound,1999-03-25,10023771,2.9
1DDH,H2-Dd,RGPGRAFVTI,bound,1999-01-12,9761682,3.1
1BD2,HLA-A*02:01,LLFGYPVYV,bound,1998-08-19,9586631,2.5
1BQH,H2-Kb,RGYVYQGL,bound,1998-08-18,9806638,2.8
2CKB,H2-Kb,EQYKFYSV,bound,1998-04-29,9469799,3.0
1A1M,HLA-B*53,TPYDINQML,bound,1998-04-07,8624812,2.3
1A1N,HLA-B*35,VPLRPMTY,bound,1998-04-07,8624811,2.0
1A1O,HLA-B*53,KPIVQYDNF,bound,1998-04-07,8624812,2.3
1AO7,HLA-A*02:01,LLFGYPVYV,bound,1997-09-17,8906788,2.6
1AKJ,HLA-A*02,ILKEPVHGV,bound,1997-09-16,9177355,2.65
1AGB,HLA-B*08,GGRKKYKL,bound,1997-06-15,8976183,2.2
1AGC,HLA-B*08,GGKKKYQL,bound,1997-06-15,8976183,2.1
1AGD,HLA-B*08,GGKKKYKL,bound,1997-06-15,8976183,2.05
1AGE,HLA-B*08,GGKKKYRL,bound,1997-06-15,8976183,2.3
1AGF,HLA-B*08,GGKKRYKL,bound,1997-06-15,8976183,2.2
1HSB,HLA-A*68,AVA,bound,1993-10-30,1448153,1.9
1HSA,HLA-B*27,ARAAAAAAA,bound,1992-10-14,1525820,2.1
8E2Z,HLA-B*08,RARARARARARAFAKKKYCL,unbound,2023-08-02,37596268,1.13
8E13,HLA-B*08,FAKKKYCL,unbound,2023-07-26,37596268,1.37
8E8I,HLA-B*08,FVKKKYCL,unbound,2023-07-26,37596268,1.49
8FHL,H2-Dd,IGPRALDVL,unbound,2023-06-28,null,2.194
8FHU,H2-Dd,IGPRAVDVL,unbound,2023-06-28,null,1.801
7ZUC,HLA-A*02,LLLGIGILV,unbound,2023-05-24,37490916,1.89
7UM2,HLA-A*02,TIADYNYKL,unbound,2023-04-26,null,1.63
7UR1,HLA-A*02,YIWLGFIAGL,unbound,2023-04-26,null,2.17
7U1R,HLA-A*02,RLNEVANNL,unbound,2023-03-08,null,1.8
7Q98,HLA-A*02,NLSALGIFST,unbound,2023-02-22,37490916,2.5
7WCY,H2-Kb,SVFAIFAAL,unbound,2022-12-28,null,2.36
7SIG,HLA-B*35,NPDIVIYQY,unbound,2022-11-23,null,1.74
7SIS,HLA-A*02,VLNDILSRL,unbound,2022-11-23,null,1.9
7RZD,HLA-B*07,EPRSPSHSM,unbound,2022-11-02,null,1.82
7RZJ,HLA-B*07,EPRSPSHSM,unbound,2022-11-02,null,1.8
7S79,HLA-B*07,EPRXPSHSM,unbound,2022-11-02,null,1.53
7S7D,HLA-B*07,EPRSPSHSM,unbound,2022-11-02,null,1.56
7S7E,HLA-B*07,LPASPAHQL,unbound,2022-11-02,null,2.04
7S7F,HLA-B*07,LPASPAHQL,unbound,2022-11-02,null,1.88
7S8A,HLA-B*07,EPRSPSHSM,unbound,2022-11-02,null,2.1
7S8E,HLA-B*07,EPRSPSHSM,unbound,2022-11-02,null,1.6
7S8F,HLA-B*07,EPRSPSHSM,unbound,2022-11-02,null,1.8
7UC5,HLA-A*03,ILRGSVAHK,unbound,2022-10-12,null,1.95
7TLT,HLA-A*29,YFPLQSYGF,unbound,2022-10-12,null,2.3
7SA2,HLA-A*02,VVFLHVTYV,unbound,2022-09-21,null,1.85
8D5N,H2-Ld,HPGSVNEFDFGCGGSG,unbound,2022-09-14,35967379,1.8
7NMD,HLA-A*24,QLPRLFPLL,unbound,2022-09-07,null,2.25
7TUC,HLA-B*44,EEFGRAFSF,unbound,2022-09-07,36115831,1.25
7RE8,HLA-A*02,FMNKFIYEI,unbound,2022-07-27,35840635,2.82
7P4B,HLA-E,IMYNYPAML,unbound,2022-07-27,35705051,1.72
7N5Q,H2-Db,SSLCNFRAYV,unbound,2022-07-20,35999236,1.76
7OW3,HLA-A*11,VVVGAGGVGK,unbound,2022-07-20,36088370,2.46
7OW4,HLA-A*11,VVVGADGVGK,unbound,2022-07-20,36088370,1.81
8D5E,H2-Dd,TGAASFDEF,unbound,2022-07-06,null,2.46
8D5F,H2-Dd,TGAARFDEF,unbound,2022-07-06,null,2.31
8D5J,H2-Kd,KYLQVASHV,unbound,2022-07-06,null,1.95
8D5K,H2-Kd,KYRQVASHV,unbound,2022-07-06,null,2.07
7R7V,HLA-B*53,QASQEVKNW,unbound,2022-06-29,37217466,1.6
7R7W,HLA-B*53,QATQEVKNW,unbound,2022-06-29,37217466,1.17
7R7X,HLA-B*57,QASQEVKNW,unbound,2022-06-29,37217466,2.1
7N9J,H2-Db,YGFRNVVHI,unbound,2022-06-22,null,1.74
7P49,HLA-E,RMAATAQVL,unbound,2022-06-22,35705051,2.05
7U21,HLA-A*02,AVGSYVYSV,unbound,2022-06-01,35547730,1.9
7MLE,HLA-A*03,VVRPSVASK,unbound,2022-04-06,null,2.2
7L1B,HLA-A*03,AHHGGWTTK,unbound,2022-03-23,35484264,2.04
7L1C,HLA-A*03,ALHGGWTTK,unbound,2022-03-23,35484264,1.96
7P0A,H2-Db,KAPYNFATM,unbound,2022-03-23,35350306,2.43
7P0T,H2-Db,KAVYNFATM,unbound,2022-03-23,35350306,2.6
7CIQ,HLA-B*27,RRFSRSPIRR,unbound,2022-03-09,35310951,1.59
7CIR,HLA-B*27,RRFSRSPIRR,unbound,2022-03-09,35310951,1.81
7CIS,HLA-B*27,RRFSRSPIR,unbound,2022-03-09,35310951,2.1
7DYN,HLA-B*27,RRFSRSPIRR,unbound,2022-03-09,35310951,2.0
7S8Q,HLA-A*11,KTNGNAFIGK,unbound,2022-02-23,35255101,2.08
7S8R,HLA-A*11,SALEWIKNK,unbound,2022-02-23,35255101,2.95
7S8S,HLA-A*11,RVLVNGTFLK,unbound,2022-02-23,35255101,1.87
7RTD,HLA-A*02,YLQPRTFLL,unbound,2021-10-13,34685626,2.05
7EU2,HLA-A*02,KIADYNYKL,unbound,2021-08-25,34506741,2.8
7F4W,HLA-A*24,NYNYLYRLF,unbound,2021-08-25,34506741,2.9
7MJ6,HLA-A*02,LLLPLLPPL,unbound,2021-08-18,34732890,1.95
7MJ7,HLA-A*02,LLLPLLPPLSP,unbound,2021-08-18,34732890,1.6
7MJ8,HLA-A*02,LLLPLLPPLSPS,unbound,2021-08-18,34732890,1.79
7MJ9,HLA-A*02,LLLPRLPPL,unbound,2021-08-18,34732890,1.75
7MJA,HLA-A*24,QYNPIRTTF,unbound,2021-08-18,34732890,1.69
7N1A,HLA-A*02,YLQPRTFLL,unbound,2021-07-28,35013235,2.06
7N1B,HLA-A*02,RLQSLQTYV,unbound,2021-07-28,35013235,2.81
7N6D,HLA-A*02,YLQPRTFLL,unbound,2021-07-28,34384783,2.3
7P3D,HLA-A*02,YLQPRTFLL,unbound,2021-07-28,35931021,1.67
7P3E,HLA-A*02,YLQLRTFLL,unbound,2021-07-28,35931021,2.0
7LFI,H2-M3,MFFINIL,unbound,2021-07-14,34176438,1.7
7LFJ,H2-M3,MFFINAL,unbound,2021-07-14,34176438,1.7
7LFK,H2-M3,MFFINTL,unbound,2021-07-14,34176438,1.6
7LFL,H2-M3,MFFINVL,unbound,2021-07-14,34176438,1.6
7LFM,H2-M3,MFFINVL,unbound,2021-07-14,34176438,1.6
6Z9V,HLA-A*02,IIGWMWIPV,unbound,2021-06-30,34321228,2.01
6Z9W,HLA-A*02,LLGWVFAQV,unbound,2021-06-30,34321228,2.7
6Z9X,HLA-A*02,LLSXFGTPT,unbound,2021-06-30,34321228,2.68
7M8S,HLA-A*02,KLNDLCFTNV,unbound,2021-06-23,null,2.35
7M8T,HLA-A*11,NSASFSTFK,unbound,2021-06-23,null,1.5
7M8U,HLA-B*35,IPFAMQMAY,unbound,2021-06-23,null,1.45
7ALO,HLA-B*27,RRKWRRWXL,unbound,2021-06-16,34244493,1.8
7MKB,HLA-A*02,YLQPRTFLL,unbound,2021-05-26,null,1.9
7LGD,HLA-B*07,SPRWYFYYL,unbound,2021-04-21,33945786,2.88
7LGT,HLA-B*07,SPKLHFYYL,unbound,2021-04-21,33945786,1.97
6XQA,HLA-A*24,TYQWVLKNL,unbound,2021-04-14,34006841,2.16
7JYU,HLA-A*24,IYFSPIRVTF,unbound,2021-04-14,34006841,2.75
7JYV,HLA-A*24,YFSPIRVTF,unbound,2021-04-14,34006841,1.51
7JYW,HLA-A*24,TYQWIIRNW,unbound,2021-04-14,34006841,2.9
7JYX,HLA-A*24,TYQWIIRNWET,unbound,2021-04-14,34006841,2.95
7NUI,HLA-B*08,ELRSRYWAI,unbound,2021-04-14,null,2.0
6VPZ,HLA-B*27,KRWIILGLNKI,unbound,2021-02-10,null,2.1
6VQ2,HLA-B*27,KRWIILGLNKIVRM,unbound,2021-02-10,null,2.25
6VQD,HLA-B*27,KRWIILGL,unbound,2021-02-10,null,1.88
6VQE,HLA-B*27,KRWIILGLNKIVR,unbound,2021-02-10,null,1.77
7LFZ,HLA-B*07,IPRRNVATL,unbound,2021-02-03,null,1.9
7LG0,HLA-B*07,SPRWYFYYL,unbound,2021-02-03,null,2.3
7LG2,HLA-A*02,ALWEIQQVV,unbound,2021-02-03,null,2.4
7LG3,HLA-A*02,KLWAQCVQL,unbound,2021-02-03,null,2.3
6Y26,HLA-B*27,GRLNAPIKV,unbound,2020-12-23,null,1.2
6Y27,HLA-B*27,GRLNAPIKV,unbound,2020-12-23,null,1.38
6Y28,HLA-B*27,GRLNEPIKV,unbound,2020-12-23,null,1.69
6Y29,HLA-B*27,GRLNEPIKV,unbound,2020-12-23,null,1.28
6Y2A,HLA-B*27,GRLNQPIKV,unbound,2020-12-23,null,1.25
6Y2B,HLA-B*27,GRLNQPIKV,unbound,2020-12-23,null,1.37
7JI2,H2-Kb,SIIQFEHL,unbound,2020-12-23,33335016,1.95
6VB0,HLA-B*15,ELRAREESY,unbound,2020-11-25,null,1.9
6VB3,HLA-B*15,TVAASGHSY,unbound,2020-11-25,null,2.0
6VB7,HLA-B*15,TVRASGHSY,unbound,2020-11-25,null,2.1
6VIU,HLA-B*15,TVAASGHSY,unbound,2020-11-25,null,2.33
6L9M,H2-Ld,SPSYVYHQF,unbound,2020-11-18,34074778,2.6
6L9N,H2-Ld,SPSYAYHQF,unbound,2020-11-18,34074778,2.6
6UZM,HLA-B*15,HLASSGHSL,unbound,2020-11-18,null,1.8
6UZN,HLA-B*15,TVRASGHSY,unbound,2020-11-18,null,2.22
6UZO,HLA-B*15,HLASSGHSY,unbound,2020-11-18,null,2.35
6UZP,HLA-B*15,HLASSGHSL,unbound,2020-11-18,null,2.08
6UZQ,HLA-B*15,TVRASGHSY,unbound,2020-11-18,null,2.4
6UZS,HLA-B*15,HLASSGHSY,unbound,2020-11-18,null,1.9
6L9K,H2-Ld,SPSYAYHQF,unbound,2020-11-18,34074778,1.8
6X00,H2-Db,SGPDNGAVAVL,unbound,2020-09-16,32868409,1.55
6UJO,HLA-A*02,KQWLVWLFL,unbound,2020-08-18,null,2.25
6UJQ,HLA-A*02,KQWLVWLLL,unbound,2020-08-18,null,2.55
6SS7,HLA-A*02,LLWAGPMAV,unbound,2020-07-14,32645549,2.5
6SS8,HLA-A*02,LLWNGPIAV,unbound,2020-07-14,32645549,2.24
6SS9,HLA-A*02,LLWNGPMHV,unbound,2020-07-14,32645549,2.7
6SSA,HLA-A*02,LLWNGPMQV,unbound,2020-07-14,32645549,2.11
6TRN,HLA-A*02,AVYDGREHTV,unbound,2020-06-23,32532817,1.35
6VR5,HLA-A*02,HMTEVVRHC,unbound,2020-06-16,32518267,2.38
6VR1,HLA-A*02,HMTEVVRRC,unbound,2020-06-09,32518267,2.37
6ULI,HLA-C*08,GADGVGKSA,unbound,2020-05-26,32461371,1.88
6ULK,HLA-C*08,GADGVGKSAL,unbound,2020-05-26,32461371,1.9
6V2O,HLA-B*57,ASLNLPAVSW,unbound,2020-05-19,32404419,1.27
6V2P,HLA-B*57,ASLNLPAVSW,unbound,2020-05-19,32404419,1.3
6V2Q,HLA-B*57,LSSPVTKSF,unbound,2020-05-19,32404419,1.6
6JQ3,H2-Kb,SIIVFNLL,unbound,2020-05-05,null,2.5
6JQ2,H2-Kb,SIIVFNLV,unbound,2020-03-31,null,2.4
6NPR,H2-Dd,RGPGRAFVTI,unbound,2020-01-21,31796585,2.37
6PYL,HLA-B*27,KRWIILGLNK,unbound,2019-11-26,31740583,1.52
6PYW,HLA-B*27,LRNQSVFNF,unbound,2019-11-26,31740583,1.38
6NCA,HLA-A*02,YVLDHLIVV,unbound,2019-10-22,31765434,3.3
6MPP,HLA-A*01,ILDTAGKEEY,unbound,2019-10-15,null,null
6P2F,HLA-B*08,RARARAAAKKGYCL,unbound,2019-10-15,31601650,1.48
6P2S,HLA-B*08,RXAAAKKKYCL,unbound,2019-10-15,31601650,1.65
6IEX,HLA-B*40,GETALALLLL,unbound,2019-09-17,null,2.31
6G3K,HLA-A*02,ITSGIGVLPV,unbound,2019-09-03,30930889,2.9
6OPD,HLA-A*02,ILNAMIVKI,unbound,2019-09-03,31555277,1.79
6PTB,HLA-A*02,ILNAMIAKI,unbound,2019-09-03,31555277,2.15
6PTE,HLA-A*02,ILNAMITKI,unbound,2019-09-03,31555277,1.9
6H6D,H2-Db,SGPSNTPPEI,unbound,2019-08-13,null,2.4
6H6H,H2-Db,SGPSNTPPEI,unbound,2019-08-13,null,2.4
6Q3K,HLA-A*02,NLVPMVATV,unbound,2019-07-23,null,1.5
6G9R,H2-Db,KAPYDYAPI,unbound,2019-04-23,null,2.7
6G3J,HLA-A*02,MTSAIGILPV,unbound,2019-02-19,30930889,2.45
6MT3,HLA-B*18,FEDLRVLSF,unbound,2019-02-12,30575715,1.21
6MT4,HLA-B*37,FEDLRVSSF,unbound,2019-02-12,30575715,1.55
6MT5,HLA-B*37,FEDLRLLSF,unbound,2019-02-12,30575715,1.55
6MT6,HLA-B*37,FEDLRVLSF,unbound,2019-02-12,30575715,1.31
5VWH,HLA-B*58,LSSPVTKSW,unbound,2018-10-02,30410026,1.65
6D29,HLA-B*57,TSMSFVPRPW,unbound,2018-10-02,30315122,1.88
6D2B,HLA-B*57,LSDSTARDVTW,unbound,2018-10-02,30315122,2.04
6D2R,HLA-B*57,GSFDYSGVHLW,unbound,2018-10-02,30315122,1.83
6D2T,HLA-B*57,LALLTGVRW,unbound,2018-10-02,30315122,1.9
6AMT,HLA-A*02,MMWDRGLGMM,unbound,2018-08-14,null,2.5
6GGM,HLA-E,RFPAKAPLL,unbound,2018-08-07,30087334,2.73
6GH1,HLA-E,RLPAKAPLL,unbound,2018-08-07,30087334,2.1
6GH4,HLA-E,RQPAKAPLL,unbound,2018-08-07,30087334,2.16
6GHN,HLA-E,RLPAKAPLF,unbound,2018-08-07,30087334,2.54
6GL1,HLA-E,RMYSPTSIL,unbound,2018-08-07,30087334,2.62
5WMN,HLA-B*07,SPIVPSFDM,unbound,2018-06-05,29735483,1.82
5WMQ,HLA-B*08,ELRSRYWAI,unbound,2018-06-05,29735483,1.4
5WMR,HLA-B*08,QIKVRVDMV,unbound,2018-06-05,29735483,1.58
5TRZ,H2-Kd,YQSGLSIVM,unbound,2018-05-08,31135967,2.25
5TS1,H2-Kd,YYQSGLSIV,unbound,2018-05-08,31135967,2.3
5MZM,H2-Db,MCPRMTAVM,unbound,2018-03-20,29507106,2.4
5VZ5,HLA-B*15,AQDIYRASYY,unbound,2018-03-20,29441070,2.59
6AT9,HLA-A*01,AQDIYRASYY,unbound,2018-03-20,29441070,2.95
6BXQ,HLA-B*57,RVKEKYQHLW,unbound,2018-02-27,29437277,1.58
5WSH,HLA-A*02,GVWIRTPTA,unbound,2017-12-19,29950410,2.0
5TXS,HLA-B*15,AQDIYRASY,unbound,2017-11-28,29441070,1.7
5NMK,HLA-A*02,SLFNTIAVL,unbound,2017-11-14,29209312,1.66
5WLI,H2-Db,SQLLNAKYL,unbound,2017-11-14,29150238,2.2
5N6B,HLA-A*02,LLWNGPMAV,unbound,2017-10-17,28975614,1.71
5WES,H2-Dd,RGPGC,unbound,2017-10-17,29025991,2.71
5WET,H2-Dd,RGPGCA,unbound,2017-10-17,29025991,2.64
5WEU,H2-Dd,RGPGCAFVTI,unbound,2017-10-17,29025991,1.58
5KD4,H2-Dd,IGPGRAFYVI,unbound,2017-10-10,29374075,3.05
5KD7,H2-Dd,IGPGRAFYV,unbound,2017-10-10,29374075,2.35
5T7G,H2-Dd,IGPGRAFYT,unbound,2017-10-10,29374075,1.96
6EI2,HLA-A*68,ETSPLTAEKL,unbound,2017-10-10,null,1.61
5WJL,HLA-A*11,GTSGSPIVNR,unbound,2017-09-19,28945243,3.15
5WJN,HLA-A*11,GTSGSPIINR,unbound,2017-09-19,28945243,2.85
5W67,HLA-C*06,VRSRRALRL,unbound,2017-08-22,28855257,2.3
5W69,HLA-C*06,ARFNDLRFV,unbound,2017-08-22,28855257,2.8
5W6A,HLA-C*06,ARTELYRSL,unbound,2017-08-22,28855257,1.74
5V5L,HLA-B*58,TSTLQEQIGW,unbound,2017-06-13,28552904,2.0
5VGE,HLA-C*07,RYRPGTVAL,unbound,2017-06-06,28649982,2.6
5VGD,HLA-C*05,SAEPVPLQL,unbound,2017-05-30,28649982,2.32
5JWD,H2-Db,WLVTNGSYL,unbound,2017-05-23,29253009,2.5
5JWE,H2-Db,CSANNSHHYI,unbound,2017-05-23,29253009,2.4
5N1Y,HLA-A*02,MVWGPDPLYV,unbound,2017-02-14,27183389,1.39
5IB1,HLA-B*27,RRKWRRWHL,unbound,2017-01-31,31296658,1.91
5IB2,HLA-B*27,RRKWRRWHL,unbound,2017-01-31,31296658,1.44
5IB3,HLA-B*27,RRKWRRWHL,unbound,2017-01-31,31296658,1.91
5IB4,HLA-B*27,RRKWRRWHL,unbound,2017-01-31,31296658,1.95
5IB5,HLA-B*27,RRKWRRWHL,unbound,2017-01-31,31296658,2.49
5E00,HLA-A*02,GVWIRTPPA,unbound,2017-01-17,29950410,1.7
5FA4,HLA-A*02,YLSPIASPLLD,unbound,2016-12-20,28179428,2.4
5FDW,HLA-A*02,YLSPIASPLL,unbound,2016-12-20,28179428,2.7
5EOT,HLA-A*02,GLLPELPAVGG,unbound,2016-12-06,28179428,2.1
5MEO,HLA-A*02,ILGKFLHRL,unbound,2016-12-06,27903649,1.77
5MEP,HLA-A*02,ILGKFLHWL,unbound,2016-12-06,27903649,2.71
5MEQ,HLA-A*02,ILAKFLHTL,unbound,2016-12-06,27903649,2.27
5MER,HLA-A*02,ILAKFLHEL,unbound,2016-12-06,27903649,1.88
5IEH,HLA-B*40,REFSKEPEL,unbound,2016-12-06,null,1.5
5IEK,HLA-B*40,REFSKEPEL,unbound,2016-12-06,null,1.8
5D9S,HLA-A*02,FVLELEPEWTV,unbound,2016-07-05,26824387,1.87
5HGA,HLA-A*24,RFPLTFGW,unbound,2016-06-07,27239036,2.2
5HGB,HLA-A*24,RYPLTFGW,unbound,2016-06-07,27239036,2.4
5HGD,HLA-A*24,RFPLTFGWCF,unbound,2016-06-07,27239036,2.07
5HGH,HLA-A*24,RYPLTFGWCF,unbound,2016-06-07,27239036,2.39
5C0D,HLA-A*02,AQWGPDPAAA,unbound,2016-05-03,27183389,1.68
5C0E,HLA-A*02,YQFGPDFPIA,unbound,2016-05-03,27183389,1.49
5C0F,HLA-A*02,RQWGPDPAAV,unbound,2016-05-03,27183389,1.46
5C0G,HLA-A*02,YLGGPDFPTI,unbound,2016-05-03,27183389,1.37
5C0I,HLA-A*02,RQFGPDFPTI,unbound,2016-05-03,27183389,1.53
5C0J,HLA-A*02,RQFGPDWIVA,unbound,2016-05-03,27183389,1.64
5HHN,HLA-A*02,GILGLVFTL,unbound,2016-03-22,27036003,2.03
5HHP,HLA-A*02,GILEFVFTL,unbound,2016-03-22,27036003,1.9
5HHQ,HLA-A*02,GIWGFVFTL,unbound,2016-03-22,27036003,2.1
5EU3,HLA-A*02,YLEPGPVTA,unbound,2016-03-01,26917722,1.97
5EU4,HLA-A*02,YLAPGPVTA,unbound,2016-03-01,26917722,2.12
5EU5,HLA-A*02,YLEPAPVTA,unbound,2016-03-01,26917722,1.54
5EO0,HLA-B*07,RPMTFKGAL,unbound,2016-02-23,26983786,1.7
5EO1,HLA-B*07,RPMTYKGAL,unbound,2016-02-23,26983786,1.85
5E8N,H2-Db,MCLRMTAVM,unbound,2016-02-02,26800871,2.25
5E8O,H2-Db,MALRMTAVM,unbound,2016-02-02,26800871,1.98
5E8P,H2-Db,MCLRLTAVM,unbound,2016-02-02,26800871,2.0
5DEF,HLA-B*27,RRKWRRWHL,unbound,2015-11-17,26748477,1.6
5DEG,HLA-B*27,RRKWRRWHL,unbound,2015-11-17,26748477,1.83
4WDI,H2-Kd,LYLVCGERG,unbound,2015-06-23,26085090,2.31
4Z76,H2-Kd,LYLVCGERV,unbound,2015-06-23,26085090,1.88
4Z77,H2-Kd,LYLVCGERV,unbound,2015-06-23,null,1.85
4Z78,H2-Kd,LYLVCGERGF,unbound,2015-06-23,26085090,2.3
4WU5,HLA-A*24,RYPLTFGW,unbound,2015-05-05,null,2.4
4U1H,HLA-B*07,TPQDLNTML,unbound,2015-04-07,25808313,1.59
4U1I,HLA-B*81,TPQDLNTML,unbound,2015-04-07,25808313,1.92
4U1J,HLA-B*42,TPQDLNTML,unbound,2015-04-07,25808313,1.38
4U1K,HLA-B*07,RPQVPLRPM,unbound,2015-04-07,25808313,2.09
4U1L,HLA-B*81,RPQVPLRPM,unbound,2015-04-07,25808313,2.06
4U1M,HLA-B*42,RPQVPLRPM,unbound,2015-04-07,25808313,1.18
4U1N,HLA-B*42,RPQVPLRPM,unbound,2015-04-07,25808313,1.77
4U1S,HLA-B*81,FPRPWLHGL,unbound,2015-04-07,25808313,1.76
4XXC,HLA-B*18,DELEIKAY,unbound,2015-04-07,25855358,1.43
4PG9,H2-Kb,FAPGNYPAL,unbound,2015-01-06,25605945,2.4
4PGB,H2-Kb,FAPGNWPAL,unbound,2015-01-06,25605945,2.8
4PGD,H2-Kb,FAPGNYPAF,unbound,2015-01-06,25605945,2.7
4PGE,H2-Kb,FAPGNYPAW,unbound,2015-01-06,25605945,2.0
4U6X,HLA-A*02,ALQDAGDSSRKEYFI,unbound,2014-12-23,25505266,1.68
4U6Y,HLA-A*02,FLNKDLEVDGHFVTM,unbound,2014-12-23,25505266,1.47
4QRQ,HLA-B*08,HSKKKCDEL,unbound,2014-11-11,25355921,1.7
4WJ5,HLA-A*02,XVAGIGILTX,unbound,2014-10-28,25311806,1.65
4MJ5,HLA-A*11,TIAMELIRMIK,unbound,2014-10-07,27738054,2.4
4MJ6,HLA-A*11,TMVMELIRMIK,unbound,2014-10-07,27738054,2.57
4UQ3,HLA-A*02,GLSXXL,unbound,2014-09-16,25348595,2.1
4PG2,H2-Db,CSLWNGPHL,unbound,2014-09-09,25135637,2.8
4QRT,HLA-B*08,ELNRKMIYM,unbound,2014-07-15,24509977,1.4
4LCY,HLA-B*46,FTMRLLSPV,unbound,2014-06-24,null,1.6
3WL9,HLA-A*24,NYTPGPGIRF,unbound,2014-06-10,24886641,1.66
3WLB,HLA-A*24,NYTPGPGTRF,unbound,2014-06-10,24886641,2.0
4HS3,H2-Kb,AVYNFATM,unbound,2014-05-06,24806963,2.1
4PV8,H2-Kb,RAFIFANI,unbound,2014-04-22,24795457,2.31
4PV9,H2-Kb,RAVIFANI,unbound,2014-04-22,24795457,2.0
3WS3,H2-Db,YQLENYCGL,unbound,2014-03-25,25063871,2.33
3WS6,H2-Db,YAIENYLEL,unbound,2014-03-25,25063871,1.98
4NSK,H2-Db,KAPYNFATM,unbound,2013-12-31,null,2.6
4L29,HLA-A*02,YLLMWITQV,unbound,2013-12-24,24338476,3.09
4NQV,HLA-A*01,CTELKLSDY,unbound,2013-12-24,24395804,2.39
4NQX,HLA-A*01,CTELKLNDY,unbound,2013-12-24,24395804,2.0
3VXN,HLA-A*24,RYPLTFGWCF,unbound,2013-10-22,24192765,1.95
3VXO,HLA-A*24,RFPLTFGWCF,unbound,2013-10-22,24192765,2.61
3VXP,HLA-A*24,RYPLTLGWCF,unbound,2013-10-22,24192765,2.5
4L8B,H2-Db,ASNEHMETM,unbound,2013-10-15,24173108,2.2
4L8C,H2-Db,ASDENMETM,unbound,2013-10-15,24173108,2.8
4L8D,H2-Db,ASNEDMETM,unbound,2013-10-15,24173108,1.9
4IHO,H2-Db,EGPRNQDWL,unbound,2013-09-10,23939911,2.8
4K7F,HLA-A*02,VCWGELMNL,unbound,2013-06-04,23678186,2.0
4JFO,HLA-A*02,ALAGIGILTV,unbound,2013-05-28,23698002,2.11
4JFP,HLA-A*02,ELAAIGILTV,unbound,2013-05-28,23698002,1.91
4JFQ,HLA-A*02,ELAGIGIATV,unbound,2013-05-28,23698002,1.9
4HUU,H2-Db,ASNENIETM,unbound,2013-02-26,23493558,2.0
4HUV,H2-Db,ASNENWETM,unbound,2013-02-26,23493558,2.5
4HUW,H2-Db,ASNENTETM,unbound,2013-02-26,23493558,3.16
4HUX,H2-Db,ASNENMETM,unbound,2013-02-26,23493558,2.2
4HV8,H2-Db,ASNENIETM,unbound,2013-02-26,23493558,2.0
3W39,HLA-B*51,TAFTIPSI,unbound,2013-02-12,23236061,3.1
4I4W,HLA-A*02,ILAKFLHRL,unbound,2013-01-01,23255554,1.77
3V5K,HLA-A*02,KVAELVWFL,unbound,2012-12-18,null,2.31
3V5D,HLA-A*02,KVAELVHFL,unbound,2012-12-04,null,2.0
3V5H,HLA-A*02,KVAEIVHFL,unbound,2012-12-04,null,1.63
4F7M,HLA-A*24,LYASPQLEGF,unbound,2012-10-09,23015716,2.4
4F7P,HLA-A*24,FYRYGFVANF,unbound,2012-10-09,23015716,1.9
4F7T,HLA-A*24,RYGFVANF,unbound,2012-10-09,23015716,1.7
4GKN,HLA-A*02,FATGIGIITV,unbound,2012-09-11,22952231,2.75
4GKS,HLA-A*02,FLTGIGIITV,unbound,2012-09-11,22952231,2.35
3TO2,HLA-A*02,LACFVLAAV,unbound,2012-08-28,null,2.6
3TBS,H2-Db,KAPANFATM,unbound,2012-08-07,null,2.49
3TBT,H2-Db,KAPSNFATM,unbound,2012-08-07,null,2.3
3TBV,H2-Db,KGPANFATM,unbound,2012-08-07,null,2.1
3TBW,H2-Db,KGPSNFATM,unbound,2012-08-07,null,2.15
3TBY,H2-Db,KAPFNFATM,unbound,2012-08-07,null,2.5
3VRI,HLA-B*57,RVAQLEQVYI,unbound,2012-05-29,22722860,1.6
3VRJ,HLA-B*57,LTTKLTNTNI,unbound,2012-05-29,22722860,1.9
3ROL,H2-Kb,AVYNFATM,unbound,2012-04-03,null,2.6
3ROO,H2-Kb,AVYNFATM,unbound,2012-04-03,null,2.0
3QUK,H2-Db,KAVANFATM,unbound,2012-03-20,22837158,2.41
3QUL,H2-Db,KAVSNFATM,unbound,2012-03-20,22837158,2.0
3VFM,HLA-B*35,LPEPLPQGQLTAY,unbound,2012-03-06,22343629,1.9
3VFR,HLA-B*35,LPEALPQGQLTAY,unbound,2012-03-06,22343629,1.85
3RL1,HLA-A*03,AIFQSSMTK,unbound,2012-02-28,21943705,2.0
3SKM,HLA-B*08,FLRGRAYVL,unbound,2012-02-28,22140258,1.8
3SKO,HLA-B*08,FLRGRAYGL,unbound,2012-02-28,22140258,1.6
3VFT,HLA-B*35,LPEPLAQGQLTAY,unbound,2012-02-21,22343629,1.95
3VFU,HLA-B*35,LPEPLPAGQLTAY,unbound,2012-02-21,22343629,1.65
3VFV,HLA-B*35,LPEPLPQGALTAY,unbound,2012-02-21,22343629,1.55
3UTQ,HLA-A*02,ALWGPDPAAA,unbound,2012-01-24,22245737,1.67
3P9L,H2-Kb,SIINFEKL,unbound,2011-10-18,22039305,2.0
3P9M,H2-Kb,SIIGFEKL,unbound,2011-10-18,22039305,2.0
3PAB,H2-Kb,EIINFEKL,unbound,2011-10-18,22039305,2.2
3P4M,H2-Kb,YTVKYPNL,unbound,2011-10-11,null,2.5
3P4N,H2-Kb,YTVKFPNM,unbound,2011-10-11,null,2.5
3P4O,H2-Kb,YTAKYPNL,unbound,2011-10-11,null,2.3
3QFD,HLA-A*02,AAGIGILTV,unbound,2011-09-27,21937447,1.68
3NFN,HLA-A*24,RYPLTFGWCF,unbound,2011-07-12,21645925,2.39
3MR9,HLA-A*02,NLVPAVATV,unbound,2011-05-24,null,1.93
3MRB,HLA-A*02,NLVPMVHTV,unbound,2011-05-24,null,1.4
3MRC,HLA-A*02,NLVPMCATV,unbound,2011-05-24,25392532,1.8
3MRD,HLA-A*02,NLVPMGATV,unbound,2011-05-24,25392532,1.7
3MRE,HLA-A*02,GLCTLVAML,unbound,2011-05-24,25392532,1.1
3MRF,HLA-A*02,GLCPLVAML,unbound,2011-05-24,null,2.3
3MRG,HLA-A*02,CINGVCWTV,unbound,2011-05-24,25392532,1.3
3MRH,HLA-A*02,CISGVCWTV,unbound,2011-05-24,25392532,2.4
3MRI,HLA-A*02,CINMWCWTV,unbound,2011-05-24,null,2.1
3MRJ,HLA-A*02,CINGMCWTV,unbound,2011-05-24,null,1.87
3MRK,HLA-A*02,PLFQVPEPV,unbound,2011-05-24,null,1.4
3MRL,HLA-A*02,CINGVVWTV,unbound,2011-05-24,25392532,2.41
3MRM,HLA-A*02,KLVALGINAV,unbound,2011-05-24,null,1.9
3MRN,HLA-A*02,LLFNILGGWV,unbound,2011-05-24,null,2.3
3MRO,HLA-A*02,ELAGWGILTV,unbound,2011-05-24,25392532,2.35
3MRP,HLA-A*02,ELAGLGINTV,unbound,2011-05-24,null,2.1
3MRQ,HLA-A*02,ELAGLGINTV,unbound,2011-05-24,null,2.2
3MRR,HLA-A*02,LLAGIGTVPI,unbound,2011-05-24,25392532,1.6
3OX8,HLA-A*02,FLPSDFFPSV,unbound,2011-05-03,21538979,2.16
3OXR,HLA-A*02,FLPSDFFPSV,unbound,2011-05-03,21538979,1.7
3OXS,HLA-A*02,FLPSDFFPSV,unbound,2011-05-03,21538979,1.75
3PWJ,HLA-A*02,LLYGFVNYV,unbound,2011-03-08,21282516,1.7
3PWL,HLA-A*02,LGYGFVNYI,unbound,2011-03-08,21282516,1.65
3PWN,HLA-A*02,LLYGFVNYI,unbound,2011-03-08,21282516,1.6
2X70,HLA-A*02,KILGGVFXV,unbound,2010-12-07,19655750,2.0
3O3A,HLA-A*02,XLAXXLTV,unbound,2010-12-07,20806940,1.8
3O3B,HLA-A*02,ELAXXLTV,unbound,2010-12-07,20806940,1.9
3O3D,HLA-A*02,ELAXXLTV,unbound,2010-12-07,20806940,1.7
3O3E,HLA-A*02,XLAXXLTV,unbound,2010-12-07,20806940,1.85
3LV3,HLA-B*27,SRRWRRWNR,unbound,2010-11-23,21280120,1.94
3MYJ,HLA-A*02,YMFPNAPYL,unbound,2010-08-17,20619457,1.89
3I6L,HLA-A*24,QFKDNVILL,unbound,2010-07-13,20844028,2.4
3LKN,HLA-B*35,LPFERATIM,unbound,2010-07-06,20616031,2.0
3LKO,HLA-B*35,LPFDRTTIM,unbound,2010-07-06,20616031,1.8
3LKP,HLA-B*35,LPFDKSTIM,unbound,2010-07-06,20616031,1.8
3LKQ,HLA-B*35,LPFDKTTIM,unbound,2010-07-06,20616031,1.8
3LKR,HLA-B*35,LPFERATVM,unbound,2010-07-06,20616031,2.0
3LKS,HLA-B*35,LPFEKSTVM,unbound,2010-07-06,20616031,1.9
3HPJ,HLA-A*02,RMFPNAPYL,unbound,2010-06-22,20619457,2.0
3I6G,HLA-A*02,GLMWLSYFV,unbound,2010-06-15,20831383,2.2
3I6K,HLA-A*02,TLACFVLAAV,unbound,2010-06-15,20831383,2.8
3MGO,HLA-A*02,RLYQNPTTYI,unbound,2010-05-18,19955560,2.3
3MGT,HLA-A*02,KLYQNPTTYI,unbound,2010-05-18,19955560,2.2
3L3H,H2-Db,SSLENARAYV,unbound,2010-03-15,20212169,2.7
2X4N,HLA-A*02,KILGXVFXV,unbound,2010-03-01,19655750,2.34
2X4O,HLA-A*02,KLTPLCVTL,unbound,2010-03-01,19655750,2.3
2X4P,HLA-A*02,MILGGVFXV,unbound,2010-03-01,19655751,2.3
2X4Q,HLA-A*02,MILGGVFXV,unbound,2010-03-01,19655751,1.9
2X4R,HLA-A*02,NLVPMVATV,unbound,2010-03-01,19655750,2.3
2X4S,HLA-A*02,AMDSNTLEL,unbound,2010-03-01,19655750,2.55
2X4T,HLA-A*02,NLVXMVATV,unbound,2010-03-01,19655751,2.3
2X4U,HLA-A*02,ILKEPVHGV,unbound,2010-03-01,19655750,2.1
3KYN,HLA-G,KGPPAALTL,unbound,2010-02-22,20122941,2.4
3KYO,HLA-G,KLPAQFYIL,unbound,2010-02-22,20122941,1.7
3KLA,HLA-A*02,SLLMWITQL,unbound,2010-02-15,20053942,1.65
3H7B,HLA-A*02,MLWGYLQYV,unbound,2010-01-11,20064447,1.88
3H9H,HLA-A*02,MLWGYLQYV,unbound,2010-01-11,20064447,2.0
3IXA,HLA-A*02,LLFGYPVYV,unbound,2010-01-11,20064447,2.1
3FOL,H2-Kwm7,VNDIFERI,unbound,2010-01-11,20093428,2.5
3FOM,H2-Kwm7,IQQSIERI,unbound,2010-01-11,20093428,2.1
3FON,H2-Kwm7,VNDIFEAI,unbound,2010-01-11,20093428,2.03
3FTG,H2-Db,ASAENMETM,unbound,2009-12-28,20711359,2.6
3KPO,HLA-B*44,EEYLKAWTF,unbound,2009-12-21,20064448,2.3
3E6H,H2-Dd,IGPGRAFYTI,unbound,2009-08-17,19620307,2.1
3GSO,HLA-A*02,NLVPMVATV,unbound,2009-08-03,19542454,1.6
3GSQ,HLA-A*02,NLVPSVATV,unbound,2009-08-03,19542454,2.12
3GSR,HLA-A*02,NLVPVVATV,unbound,2009-08-03,19542454,1.95
3GSU,HLA-A*02,NLVPTVATV,unbound,2009-08-03,19542454,1.8
3GSV,HLA-A*02,NLVPQVATV,unbound,2009-08-03,19542454,1.9
3GSW,HLA-A*02,NLVPMVAAV,unbound,2009-08-03,19542454,1.81
3GSX,HLA-A*02,NLVPMVAVV,unbound,2009-08-03,19542454,2.1
3ECB,H2-Dd,RGPGRAFVTI,unbound,2009-07-13,19625641,1.7
3GIV,HLA-A*02,SLFNTVATLY,unbound,2009-06-29,19412183,2.0
3HCV,HLA-B*27,RRKWRRWHL,unbound,2009-06-08,null,1.95
3D18,HLA-B*27,RRRWRRLTL,unbound,2009-05-04,null,1.74
3DTX,HLA-B*27,RRKWRRWHL,unbound,2009-05-04,null,2.1
3FT2,HLA-A*02,VLRDDLLEA,unbound,2009-04-27,19342659,1.8
3FT3,HLA-A*02,VLHDDLLEA,unbound,2009-04-27,19342659,1.95
3FT4,HLA-A*02,VLRDDLLEA,unbound,2009-04-27,19342659,1.9
3CZF,HLA-B*27,RRRWHRWRL,unbound,2009-04-06,32117305,1.2
3CH1,H2-Db,EGPRNQDWL,unbound,2009-03-30,19789338,2.3
3CCH,H2-Db,EGSRNQDWL,unbound,2009-03-09,19789338,2.6
3CC5,H2-Db,KVPRNQDWL,unbound,2009-03-02,19789338,1.91
3BVN,HLA-B*14,RRRWRRLTV,unbound,2009-02-02,19617632,2.55
3BXN,HLA-B*14,IRAAPPPLF,unbound,2009-02-02,19617632,1.86
3BO8,HLA-A*01,EADPTGHSY,unbound,2008-12-22,19177349,1.8
3BP4,HLA-B*27,IRAAPPPLF,unbound,2008-12-22,19617632,1.85
3BP7,HLA-B*27,IRAAPPPLF,unbound,2008-12-22,19617632,1.8
3CPL,H2-Db,ASNENAETM,unbound,2008-11-17,19047637,2.5
2ZSV,H2-Kb,RAQIFANI,unbound,2008-11-03,18949029,1.8
2ZSW,H2-Kb,RAYIFANI,unbound,2008-11-03,18949029,2.8
3BGM,HLA-A*02,RQASLSISV,unbound,2008-10-20,18836451,1.6
3BH8,HLA-A*02,RQASIELPSM,unbound,2008-10-20,18836451,1.65
3BH9,HLA-A*02,RTYSGPMNKV,unbound,2008-10-20,18836451,1.7
3B3I,HLA-B*27,RRKWRRWHL,unbound,2008-07-21,18650441,1.86
3B6S,HLA-B*27,RRKWRRWHL,unbound,2008-07-21,18650441,1.8
2ZOK,H2-Db,ASLWNGPHL,unbound,2008-06-09,18322201,2.1
2ZOL,H2-Db,ASLSNGPHL,unbound,2008-06-09,18322201,2.7
3BZE,HLA-E,VMAPRTLFL,unbound,2008-04-28,18339401,2.5
3BW9,HLA-B*35,CPSQEPMSIYVY,unbound,2008-04-21,18270323,1.75
3BWA,HLA-B*35,FPTKDVAL,unbound,2008-04-21,18270323,1.3
3BUY,H2-Db,LSLRNPILV,unbound,2008-03-24,18238896,2.6
2VLL,HLA-A*02,GILGFVFTL,unbound,2008-01-21,18275829,1.6
2V2W,HLA-A*02,SLYNTVATL,unbound,2007-11-05,15583017,1.6
2V2X,HLA-A*02,SLFNTVATL,unbound,2007-11-05,15583017,1.6
2GT9,HLA-A*02,EAAGIGILTV,unbound,2007-06-11,17719062,1.75
2GTW,HLA-A*02,LAGIGILTV,unbound,2007-06-11,17719062,1.55
2GTZ,HLA-A*02,ALGIGILTV,unbound,2007-06-11,17719062,1.7
2GUO,HLA-A*02,AAGIGILTV,unbound,2007-06-11,17719062,1.9
2FO4,H2-Kb,SAPDFRPL,unbound,2006-11-13,17067310,2.7
2GIT,HLA-A*02,LLFGKPVYV,unbound,2006-10-02,16962135,1.7
2CLV,H2-Kbm8,SQYYYNSL,unbound,2006-06-13,16761314,1.9
2CLZ,H2-Kbm8,INFDFNTI,unbound,2006-06-13,16761314,1.9
2D31,HLA-G,RIIPRHLQL,unbound,2006-03-13,16455647,3.2
2C7U,HLA-A*02,SLFNTIAVL,unbound,2006-03-07,16388312,2.38
2FWO,H2-Kd,TYQRTRALV,unbound,2006-02-20,16473882,2.6
2F74,H2-Db,KAVYNFATM,unbound,2006-02-13,16375919,2.7
2BCK,HLA-A*24,VYGFVRACL,unbound,2006-01-09,16323248,2.8
2A83,HLA-B*27,RRRWHRWRL,unbound,2005-12-26,16221670,1.4
1ZT1,H2-Kk,FEANGNLI,unbound,2005-10-17,16148128,2.5
1ZT7,H2-Kk,SEFLLEKRI,unbound,2005-10-17,16148128,3.0
2AV1,HLA-A*02,LLFGYPVYV,unbound,2005-10-17,16197958,1.95
2AV7,HLA-A*02,LLFGYPVYV,unbound,2005-10-17,16197958,2.05
2BVO,HLA-B*57,KAFSPEVIPMF,unbound,2005-09-12,16081817,1.65
2BVP,HLA-B*57,ISPRTLDAW,unbound,2005-09-06,16081817,1.35
2BVQ,HLA-B*57,KAFSPEVIPMF,unbound,2005-09-06,16081817,2.0
1YN6,H2-Db,SSLENFRAYV,unbound,2005-06-27,15785764,2.2
1YN7,H2-Db,SSLENFAAYV,unbound,2005-06-27,15785764,2.2
1ZHB,H2-Db,KALYNYAPI,unbound,2005-06-13,15845547,2.7
2BSR,HLA-B*27,RRIYDLIEL,unbound,2005-05-23,15657948,2.3
2BSS,HLA-B*27,KRWIILGLNK,unbound,2005-05-23,15657948,2.0
2BST,HLA-B*27,SRYWAIRTR,unbound,2005-05-23,15657948,2.1
1TVB,HLA-A*02,ITDQVPFSV,unbound,2005-04-18,15814707,1.8
1TVH,HLA-A*02,IMDQVPFSV,unbound,2005-04-18,15814707,1.8
1YDP,HLA-G,RIIPRHLQL,unbound,2005-03-07,15718280,1.9
1W0V,HLA-B*27,RRLPIFSRL,unbound,2005-03-06,15713487,2.27
1W0W,HLA-B*27,RRLPIFSRL,unbound,2005-03-06,15713487,2.11
1WBX,H2-Db,SQLKNNAKEI,unbound,2005-01-18,15644207,1.9
1WBY,H2-Db,SSLENFRAYV,unbound,2005-01-18,15644207,2.3
1WBZ,H2-Kb,SSYRRPVGI,unbound,2005-01-18,15644207,2.0
1RK0,H2-Kb,SSIEFARL,unbound,2004-12-13,15557346,2.61
1RK1,H2-Kb,SEIEFARL,unbound,2004-12-13,15557346,2.1
1RJY,H2-Kbm8,SSIEFARL,unbound,2004-12-13,15557346,1.9
1RJZ,H2-Kbm8,SEIEFARL,unbound,2004-12-13,15557346,2.6
1T0M,H2-Kb,SSIEFARL,unbound,2004-11-22,15210799,2.0
1UXS,HLA-B*27,RRRWRRLTV,unbound,2004-11-08,15537660,1.55
1UXW,HLA-B*27,RRRWRRLTV,unbound,2004-11-08,15537660,1.71
1SYS,HLA-B*44,EEPTVIKKY,unbound,2004-10-18,15226359,2.4
1SYV,HLA-B*44,EEFGRAFSF,unbound,2004-10-18,15226359,1.7
1S9W,HLA-A*02,SLLMWITQC,unbound,2004-09-27,15004033,2.2
1S9X,HLA-A*02,SLLMWITQA,unbound,2004-09-27,15004033,2.5
1S9Y,HLA-A*02,SLLMWITQS,unbound,2004-09-27,15004033,2.3
1Q94,HLA-A*11,AIFQSSMTK,unbound,2004-05-31,15128805,2.4
1QVO,HLA-A*11,QVPLRPMTYK,unbound,2004-05-31,15128805,2.22
1S7Q,H2-Kb,KAVYNFATM,unbound,2004-05-03,15100292,1.99
1S7R,H2-Kb,KAVYNLATM,unbound,2004-05-03,15100292,2.95
1S7S,H2-Kb,KALYNFATM,unbound,2004-05-03,15100292,1.99
1S7T,H2-Kb,KAVFNFATM,unbound,2004-05-03,15100292,2.3
1S7U,H2-Db,KAVYNFATM,unbound,2004-05-03,15100292,2.2
1S7V,H2-Db,KAVYNLATM,unbound,2004-05-03,15100292,2.2
1S7W,H2-Db,KALYNFATM,unbound,2004-05-03,15100292,2.4
1S7X,H2-Db,KAVFNFATM,unbound,2004-05-03,15100292,2.41
1OF2,HLA-B*27,RRKWRRWHL,unbound,2004-01-28,14734527,2.2
1OGT,HLA-B*27,RRKWRRWHL,unbound,2004-01-28,14734527,1.47
1CG9,HLA-B*35,LPPLDITPY,unbound,2003-11-17,null,2.7
1QEW,HLA-A*02,FLWGPRALV,unbound,2003-11-17,null,2.2
1LK2,H2-Kb,GNYSFYAL,unbound,2003-11-10,14978103,1.35
1JGD,HLA-B*27,RRLLRGHNQY,unbound,2003-06-30,14555655,1.9
1EEY,HLA-A*02,ILSALVGIV,unbound,2003-06-09,11287414,2.25
1EEZ,HLA-A*02,ILSALVGIL,unbound,2003-06-09,11287414,2.3
1KPU,H2-Kb,RGYVYQGL,unbound,2003-06-09,null,1.5
1KPV,H2-Kb,FAPGNYPAL,unbound,2003-06-09,null,1.71
1N3N,H2-Db,SALQNAASIA,unbound,2003-05-26,12753896,3.0
1NAN,H2-Kb,INFDFNTI,unbound,2003-03-10,12563259,2.3
1N59,H2-Kb,KAVYNFATM,unbound,2003-01-06,12479822,2.95
1N5A,H2-Db,KAVYNFATM,unbound,2003-01-06,12479822,2.85
1FFN,H2-Db,KAVYNFATM,unbound,2002-12-10,12218131,2.7
1FFO,H2-Db,AAVYNFATM,unbound,2002-12-10,12218131,2.65
1FFP,H2-Db,SAVYNFATM,unbound,2002-12-10,12218131,2.6
1JGE,HLA-B*27,GRFAAAIAK,unbound,2002-10-29,12244049,2.1
1K5N,HLA-B*27,GRFAAAIAK,unbound,2002-10-29,12244049,1.09
1G7P,H2-Kb,SRDHSRTPM,unbound,2002-07-16,12083519,1.5
1G7Q,H2-Kb,SAPDTRPA,unbound,2002-07-16,12083518,1.6
1LEK,H2-Kb,EQYKFYSV,unbound,2002-06-25,11994422,2.15
1LEG,H2-Kb,EQYKFYSV,unbound,2002-06-18,11994422,1.75
1KJ3,H2-Kb,KVITFIDL,unbound,2002-03-26,11911820,2.3
1INQ,H2-Db,SSVVGVWYL,unbound,2002-03-19,11751972,2.2
1JUF,H2-Db,SSVIGVWYL,unbound,2002-03-19,11751972,2.0
1I7R,HLA-A*02,FAPGFFPYL,unbound,2001-10-23,11584024,2.2
1I7T,HLA-A*02,ALWGVFPVL,unbound,2001-10-23,11584024,2.8
1I7U,HLA-A*02,ALWGFVPVL,unbound,2001-10-23,11584024,1.8
1JPF,H2-Db,SGVENPGGYCL,unbound,2001-10-23,11580250,2.18
1JPG,H2-Db,FQPQNGQFI,unbound,2001-10-23,11580250,2.2
1JF1,HLA-A*02,ELAGIGILTV,unbound,2001-09-13,11544315,1.85
1JHT,HLA-A*02,ALGIGILTV,unbound,2001-09-13,11544315,2.15
1I4F,HLA-A*02,GVYDGREHTV,unbound,2001-07-24,11502003,1.4
1FZJ,H2-Kb,RGYVYQGL,unbound,2001-03-27,11290333,1.9
1FZK,H2-Kb,FAPGNYPAL,unbound,2001-03-27,11290333,1.7
1FZM,H2-Kbm8,RGYVYQGL,unbound,2001-03-27,11290333,1.8
1FZO,H2-Kbm8,FAPGNYPAL,unbound,2001-03-27,11290333,1.8
1FG2,H2-Db,KAVYNFATC,unbound,2000-10-03,10993729,2.75
1DUY,HLA-A*02,LFGYPVYV,unbound,2000-02-03,10843695,2.15
1DUZ,HLA-A*02,LLFGYPVYV,unbound,2000-02-03,10843695,1.8
1I1Y,HLA-A*02,YLKEPVHGV,unbound,2000-01-20,10601290,2.2
1I1F,HLA-A*02,FLKEPVHGV,unbound,2000-01-11,10601290,2.8
1QR1,HLA-A*02,IISAVVGIL,unbound,1999-12-31,10593938,2.4
1B0R,HLA-A*02,GILGFVFTX,unbound,1999-11-24,9741848,2.9
1BZ9,H2-Db,FAPGVFPYM,unbound,1999-05-23,9892618,2.8
1MHE,HLA-E,VMAPRTVLL,unbound,1999-03-22,9660937,2.85
1KBG,H2-Kb,RGYVYMGL,unbound,1999-02-08,10023770,2.2
1OSZ,H2-Kb,RGYLYQGL,unbound,1999-01-12,9707600,2.1
1B0G,HLA-A*02,ALWGFFPVL,unbound,1998-11-17,9892618,2.5
1A9B,HLA-B*35,LPPLDITPY,unbound,1998-10-20,9878435,3.2
1A9E,HLA-B*35,LPPLDITPY,unbound,1998-10-20,9878435,2.5
1BII,H2-Dd,RGPGRAFVTI,unbound,1998-10-13,9729040,2.4
1LD9,H2-Ld,YPNVNIHNF,unbound,1998-05-05,9192660,2.4
1VAC,H2-Kb,SIINFEKL,unbound,1996-06-19,7708669,2.5
1VAD,H2-Kb,SRDHSRTPM,unbound,1996-06-19,7708669,2.5
2VAA,H2-Kb,RGYVYQGL,unbound,1996-06-19,1323877,2.3
2VAB,H2-Kb,FAPGNYPAL,unbound,1996-06-19,1323877,2.5
1MHC,H2-M3,MYFINILTL,unbound,1996-01-28,7664344,2.1
1TMC,HLA-A*68,EVAPPEYHRK,unbound,1995-03-30,7862664,2.3
2CLR,HLA-A*02,MLLSVPLLLG,unbound,1995-03-30,7935798,2.0
1HOC,H2-Db,ASNENMETM,unbound,1994-04-29,7506996,2.4
1HHG,HLA-A*02,TLTSCNTSV,unbound,1993-10-30,7694806,2.6
1HHH,HLA-A*02,FLPSDFFPSV,unbound,1993-10-30,7694806,3.0
1HHI,HLA-A*02,GILGFVFTL,unbound,1993-10-30,7694806,2.5
1HHJ,HLA-A*02,ILKEPVHGV,unbound,1993-10-30,7694806,2.5
1HHK,HLA-A*02,LLFGYPVYV,unbound,1993-10-30,7694806,2.5
2MHA,H2-Kb,RGYVYQGL,unbound,1993-10-30,1325657,2.5
